Date,Crakehill (t-1),Skip Bridge (t-1),Westwick (t-1),Skelton (t-1),Arkengarthdale (t-1),East Cowton (t-1),Malham Tarn (t-1),Snaizeholme (t-1),Skelton Flow
02/01/1993,10.40,4.39,9.29,26.10,0.00,0.00,0.00,4.00,24.86
03/01/1993,9.95,4.24,8.62,24.86,0.00,0.00,0.80,0.00,23.60
04/01/1993,9.46,4.12,8.06,23.60,0.00,0.00,0.80,0.00,23.47
05/01/1993,9.41,4.36,7.93,23.47,2.40,24.80,0.80,61.60,60.70
06/01/1993,26.30,11.96,58.70,60.70,11.20,5.60,33.60,111.20,98.01
07/01/1993,32.10,10.24,34.42,98.01,0.00,0.00,1.60,0.80,56.99
08/01/1993,19.30,7.25,22.26,56.99,5.60,4.00,17.60,36.00,56.66
09/01/1993,22.00,7.27,29.59,56.66,1.60,0.00,1.60,2.40,78.10
10/01/1993,35.50,8.15,60.25,78.10,14.40,0.80,55.20,104.80,125.70
11/01/1993,51.00,13.28,93.95,125.70,20.80,2.40,76.00,136.80,195.90
12/01/1993,65.50,25.56,69.50,195.90,10.40,16.00,12.00,28.00,125.40
13/01/1993,32.00,20.72,40.51,125.40,7.20,4.00,0.80,24.00,161.50
14/01/1993,64.30,36.54,106.75,161.50,39.20,8.80,82.80,118.00,204.00
15/01/1993,69.10,28.46,60.33,204.00,5.60,1.60,8.00,12.80,200.60
16/01/1993,94.60,33.76,142.16,200.60,36.00,12.00,72.00,72.00,234.40
17/01/1993,99.00,38.48,77.44,234.40,8.80,2.40,7.20,40.00,160.10
18/01/1993,58.20,21.02,57.10,160.10,6.40,0.80,0.00,21.60,104.10
19/01/1993,34.10,15.19,42.70,104.10,16.80,2.40,44.00,103.20,136.40
20/01/1993,59.80,16.46,79.03,136.40,7.20,0.00,34.40,86.40,137.10
21/01/1993,48.00,18.59,70.19,137.10,6.40,0.00,19.20,26.40,124.30
22/01/1993,42.60,18.69,88.49,124.30,27.20,4.00,51.20,80.40,175.90
23/01/1993,66.60,26.50,74.37,175.90,4.80,2.40,6.40,18.40,128.10
24/01/1993,41.40,23.12,101.23,128.10,40.80,18.40,62.40,120.40,270.30
25/01/1993,124.00,57.87,138.30,270.30,28.00,16.80,7.20,29.60,206.50
26/01/1993,70.00,34.92,62.33,206.50,2.40,0.00,0.00,2.40,116.40
27/01/1993,35.40,18.52,43.34,116.40,0.80,0.00,0.00,9.60,92.52
28/01/1993,33.20,16.11,39.66,92.52,3.20,7.20,0.80,12.00,104.30
29/01/1993,36.30,18.06,61.69,104.30,0.80,6.40,7.20,84.80,106.00
30/01/1993,33.90,18.29,43.67,106.00,0.80,0.00,4.80,4.00,80.07
31/01/1993,25.80,15.20,31.68,80.07,0.00,0.00,0.00,2.40,64.14
01/02/1993,22.10,11.82,26.37,64.14,0.00,7.20,7.20,4.00,56.13
02/02/1993,20.20,10.62,21.88,56.13,0.00,0.00,0.80,4.80,50.29
03/02/1993,18.40,9.61,19.05,50.29,0.00,0.00,0.80,0.00,43.38
04/02/1993,16.90,6.39,17.18,43.38,0.00,0.00,0.00,0.00,40.47
05/02/1993,15.80,7.11,15.51,40.47,0.00,0.00,0.80,0.00,37.36
06/02/1993,14.90,6.21,14.63,37.36,4.80,9.60,0.00,2.40,37.74
07/02/1993,15.50,6.64,14.92,37.74,0.80,7.20,4.80,1.60,38.31
08/02/1993,15.80,6.34,14.10,38.31,0.00,0.00,1.60,0.00,36.22
09/02/1993,14.90,6.01,12.96,36.22,1.60,0.00,0.00,0.00,35.92
10/02/1993,14.60,6.45,13.35,35.92,0.80,0.00,0.00,0.00,36.61
11/02/1993,14.70,6.61,13.52,36.61,0.00,0.00,0.00,0.80,35.60
12/02/1993,14.40,6.35,13.02,35.60,0.00,0.00,0.00,0.00,33.17
13/02/1993,13.40,5.81,11.88,33.17,0.00,0.00,0.00,0.00,30.73
14/02/1993,12.20,5.48,11.05,30.73,0.00,0.00,0.00,0.00,29.24
15/02/1993,11.90,5.28,10.44,29.24,0.00,0.00,0.00,0.00,27.48
16/02/1993,11.40,5.10,9.91,27.48,0.00,0.00,28.80,0.00,26.18
17/02/1993,10.80,4.87,9.48,26.18,0.00,0.00,0.80,0.00,25.14
18/02/1993,10.40,4.68,8.97,25.14,0.00,0.00,8.00,0.00,24.24
19/02/1993,10.30,4.57,8.85,24.24,1.60,0.00,38.40,17.60,23.59
20/02/1993,9.84,4.38,8.55,23.59,0.00,0.00,2.40,0.00,22.70
21/02/1993,9.46,4.09,8.72,22.70,0.00,0.00,6.40,0.80,21.52
22/02/1993,8.87,3.95,8.01,21.52,0.00,0.00,0.00,0.00,20.43
23/02/1993,8.52,3.78,7.72,20.43,1.60,0.00,0.80,1.60,20.35
24/02/1993,8.71,3.62,7.50,20.35,0.00,0.00,1.60,0.00,20.12
25/02/1993,8.50,3.55,7.27,20.12,0.00,0.00,0.00,0.00,19.47
26/02/1993,8.48,3.15,7.08,19.47,1.60,0.80,12.00,51.20,20.01
27/02/1993,8.88,3.28,8.17,20.01,16.80,15.20,4.80,8.00,21.74
28/02/1993,9.45,3.13,8.87,21.74,5.60,0.80,10.40,4.00,20.26
01/03/1993,8.59,2.97,7.84,20.26,5.60,15.20,0.80,0.00,20.76
02/03/1993,8.94,3.36,7.60,20.76,21.60,16.00,1.60,11.20,23.62
03/03/1993,11.50,3.40,7.54,23.62,1.60,0.00,0.80,9.60,26.09
04/03/1993,12.50,3.78,7.60,26.09,1.60,0.00,0.80,2.40,24.17
05/03/1993,10.90,3.61,7.57,24.17,1.60,0.00,0.00,0.80,23.07
06/03/1993,11.20,3.70,9.98,23.07,0.00,0.00,2.40,0.80,41.84
07/03/1993,21.80,4.01,18.98,41.84,0.00,0.00,0.00,0.00,36.05
08/03/1993,15.60,3.30,13.16,36.05,0.00,0.00,0.00,0.00,28.01
09/03/1993,11.80,3.05,10.38,28.01,0.00,0.00,0.00,0.00,24.20
10/03/1993,10.50,2.91,9.19,24.20,0.00,0.00,0.00,0.00,22.00
11/03/1993,9.58,2.79,8.29,22.00,0.00,0.00,3.20,4.00,20.62
12/03/1993,8.99,2.87,7.83,20.62,0.00,0.80,5.60,1.60,20.02
13/03/1993,9.03,2.81,7.78,20.02,1.60,0.00,8.00,15.20,20.56
14/03/1993,8.95,2.75,7.74,20.56,0.80,0.00,23.20,6.40,17.97
15/03/1993,9.01,2.64,8.10,17.97,0.00,0.00,61.60,0.00,18.06
16/03/1993,7.33,2.55,7.18,18.06,11.20,0.00,86.00,19.20,17.16
17/03/1993,6.29,2.49,7.23,17.16,0.80,0.00,12.80,8.00,20.06
18/03/1993,9.18,2.56,9.85,20.06,0.00,0.00,0.80,4.80,22.36
19/03/1993,9.29,2.52,12.64,22.36,5.60,0.00,6.40,8.80,25.27
20/03/1993,10.70,2.40,11.60,25.27,0.00,0.00,10.40,0.00,20.08
21/03/1993,8.23,2.44,8.61,20.08,0.00,0.00,0.00,4.80,18.08
22/03/1993,7.75,2.48,8.52,18.08,6.40,0.00,0.00,29.60,21.39
23/03/1993,9.71,2.47,10.64,21.39,1.60,0.00,1.60,5.60,18.60
24/03/1993,7.87,2.39,8.41,18.60,11.20,0.80,10.40,13.60,17.51
25/03/1993,8.08,2.33,8.75,17.51,0.00,0.00,1.60,4.80,17.68
26/03/1993,7.87,2.26,8.37,17.68,0.00,0.00,0.00,0.00,16.52
27/03/1993,7.23,2.23,7.54,16.52,0.00,0.00,0.80,0.00,15.18
28/03/1993,6.75,2.24,6.86,15.18,0.00,0.00,0.00,0.00,14.32
29/03/1993,6.51,2.25,6.53,14.32,0.00,0.00,0.80,4.80,13.93
30/03/1993,6.37,2.23,6.35,13.93,2.40,0.00,8.00,16.80,13.99
31/03/1993,6.48,2.34,6.32,13.99,12.00,10.00,1.60,24.80,15.32
01/04/1993,7.31,2.46,8.00,15.32,5.60,7.20,13.60,15.20,17.46
02/04/1993,7.59,2.75,8.06,17.46,0.80,10.40,2.40,4.00,16.61
03/04/1993,7.29,2.58,7.27,16.61,0.00,1.60,13.60,22.80,15.23
04/04/1993,7.11,2.53,6.80,15.23,16.00,38.40,47.20,5.60,20.33
05/04/1993,9.05,4.10,9.41,20.33,0.00,1.60,4.00,48.00,44.18
06/04/1993,17.90,6.96,45.86,44.18,92.00,40.00,76.80,26.40,120.00
07/04/1993,58.60,7.27,64.78,120.00,24.80,0.00,21.60,6.40,52.00
08/04/1993,22.90,4.16,26.60,52.00,2.40,0.00,0.00,3.20,37.99
09/04/1993,14.10,3.55,16.60,37.99,17.60,7.20,51.20,0.00,92.73
10/04/1993,45.30,22.97,70.04,92.73,55.20,23.20,91.20,0.80,148.50
11/04/1993,63.50,19.28,46.38,148.50,0.80,0.80,0.80,0.00,77.64
12/04/1993,25.50,8.39,25.63,77.64,16.00,8.00,3.20,4.00,62.70
13/04/1993,22.60,13.60,25.38,62.70,37.20,6.40,15.20,7.20,72.00
14/04/1993,33.10,11.99,23.80,72.00,0.00,0.00,0.00,21.60,52.73
15/04/1993,19.60,7.38,17.47,52.73,0.00,0.00,0.00,27.20,38.61
16/04/1993,15.00,5.76,13.98,38.61,0.00,0.00,0.80,12.00,32.41
17/04/1993,13.40,5.11,11.86,32.41,0.00,4.00,55.20,22.00,29.05
18/04/1993,12.00,4.63,11.11,29.05,0.00,0.00,7.20,41.60,34.01
19/04/1993,11.90,4.82,28.25,34.01,32.80,8.80,143.20,1.60,66.89
20/04/1993,25.60,5.87,36.55,66.89,4.80,4.00,12.00,18.00,52.91
21/04/1993,18.60,5.12,19.74,52.91,5.60,1.60,12.80,103.60,40.00
22/04/1993,16.40,4.82,18.46,40.00,2.40,0.00,4.80,26.40,37.47
23/04/1993,14.30,4.35,14.61,37.47,0.00,0.00,4.80,7.20,30.47
24/04/1993,12.70,4.06,14.35,30.47,8.80,20.00,33.60,19.20,36.89
25/04/1993,15.60,4.39,17.31,36.89,5.60,0.80,0.80,8.80,90.87
26/04/1993,43.00,25.14,60.59,90.87,13.60,60.00,83.20,36.00,134.90
27/04/1993,55.30,18.88,37.16,134.90,18.40,0.00,7.20,6.40,73.96
28/04/1993,24.40,11.68,22.18,73.96,1.60,0.00,0.00,0.00,48.21
29/04/1993,17.30,7.95,16.25,48.21,1.60,0.00,0.00,0.00,37.13
30/04/1993,14.30,6.38,12.92,37.13,1.60,0.00,0.00,0.00,31.33
01/05/1993,12.40,5.29,10.97,31.33,0.80,0.00,0.00,4.00,29.42
02/05/1993,11.20,4.70,12.67,29.42,0.80,0.00,0.00,4.00,25.83
03/05/1993,10.20,4.47,9.64,25.83,0.00,4.80,8.80,28.00,22.82
04/05/1993,9.43,3.82,9.12,22.82,0.00,0.00,0.00,0.00,21.51
05/05/1993,8.80,3.55,8.71,21.51,0.00,0.00,0.00,0.00,19.93
06/05/1993,8.32,3.34,7.87,19.93,0.80,0.00,0.00,0.00,19.06
07/05/1993,8.04,3.26,7.38,19.06,0.00,0.00,0.00,0.00,18.14
08/05/1993,7.74,3.11,7.01,18.14,0.00,0.00,0.00,0.00,17.15
09/05/1993,7.38,2.98,6.74,17.15,0.00,0.00,0.00,0.00,16.21
10/05/1993,7.17,2.94,6.37,16.21,0.00,0.00,0.00,0.00,21.44
11/05/1993,7.89,6.36,8.69,21.44,2.40,11.20,20.00,47.20,24.91
12/05/1993,8.66,4.98,11.13,24.91,0.80,12.80,0.00,1.60,21.98
13/05/1993,8.40,3.79,8.80,21.98,0.00,0.00,0.00,0.00,19.51
14/05/1993,7.95,3.44,10.28,19.51,0.00,27.20,76.00,115.20,189.60
15/05/1993,120.00,40.57,188.75,189.60,9.60,145.60,149.60,178.80,277.10
16/05/1993,155.00,39.21,72.28,277.10,3.20,0.00,61.60,41.60,171.90
17/05/1993,73.00,18.78,68.59,171.90,0.80,26.40,90.40,132.00,211.80
18/05/1993,107.00,32.62,102.65,211.80,1.60,13.60,32.00,57.60,182.90
19/05/1993,81.20,23.83,64.31,182.90,0.80,0.80,1.60,1.60,103.00
20/05/1993,37.80,11.14,34.21,103.00,0.80,0.00,0.00,0.00,67.18
21/05/1993,25.50,9.08,29.53,67.18,49.60,34.40,48.80,42.40,92.33
22/05/1993,42.10,13.04,44.01,92.33,0.80,0.00,4.00,2.40,74.03
23/05/1993,27.50,9.24,26.43,74.03,0.00,0.00,0.00,0.00,51.53
24/05/1993,19.60,6.63,19.75,51.53,0.00,0.00,0.00,0.00,41.04
25/05/1993,16.20,5.41,15.91,41.04,0.00,0.00,0.00,0.00,34.74
26/05/1993,14.10,4.67,13.70,34.74,0.00,0.00,0.00,0.00,31.28
27/05/1993,13.00,4.26,12.55,31.28,7.20,4.80,14.40,32.80,29.67
28/05/1993,12.50,4.11,12.16,29.67,2.40,0.80,10.40,2.40,29.22
29/05/1993,12.20,3.85,12.32,29.22,2.40,0.00,24.80,16.00,27.60
30/05/1993,11.50,3.79,11.92,27.60,5.60,1.60,28.80,11.20,28.03
31/05/1993,11.40,4.05,16.53,28.03,48.00,5.60,46.00,118.40,123.90
01/06/1993,57.20,9.61,110.01,123.90,15.20,0.00,58.40,137.60,119.90
02/06/1993,32.10,14.62,48.41,119.90,5.60,4.00,23.20,16.00,60.87
03/06/1993,17.40,8.27,28.53,60.87,3.20,0.00,4.00,8.80,44.06
04/06/1993,14.50,5.88,21.31,44.06,0.00,1.60,0.00,0.00,35.14
05/06/1993,12.50,4.76,15.94,35.14,0.80,0.00,0.80,0.80,28.75
06/06/1993,10.80,4.00,12.73,28.75,0.00,0.00,0.00,0.00,24.44
07/06/1993,9.62,3.51,10.71,24.44,0.00,0.00,0.00,0.00,21.47
08/06/1993,8.72,3.16,9.44,21.47,0.00,0.00,0.00,0.80,19.92
09/06/1993,8.17,2.99,8.63,19.92,0.00,0.00,0.00,0.00,18.90
10/06/1993,7.85,2.95,8.03,18.90,4.00,0.00,25.60,4.80,18.55
11/06/1993,7.70,3.04,7.80,18.55,0.00,4.80,22.00,18.40,19.22
12/06/1993,8.28,3.10,8.48,19.22,19.20,18.40,14.40,30.40,20.78
13/06/1993,8.40,3.36,9.49,20.78,0.00,0.00,0.00,0.00,20.21
14/06/1993,8.02,3.16,8.93,20.21,0.00,0.00,0.00,0.00,21.15
15/06/1993,8.85,4.27,9.18,21.15,24.00,32.00,25.60,24.00,22.53
16/06/1993,9.11,3.81,9.54,22.53,7.20,4.80,34.40,10.40,20.07
17/06/1993,8.26,3.19,8.29,20.07,0.00,0.00,0.00,0.00,18.18
18/06/1993,7.55,2.96,7.87,18.18,4.80,6.40,26.40,16.80,18.48
19/06/1993,7.54,3.39,11.42,18.48,17.60,2.40,19.20,48.80,28.35
20/06/1993,10.90,3.39,15.85,28.35,6.40,0.80,11.20,18.00,24.66
21/06/1993,8.62,2.85,12.47,24.66,0.00,0.00,0.00,0.00,19.59
22/06/1993,7.33,2.65,9.31,19.59,0.00,0.00,0.00,0.00,16.59
23/06/1993,6.66,2.54,7.69,16.59,0.00,2.40,0.00,0.00,16.35
24/06/1993,6.62,3.01,7.69,16.35,0.80,5.60,0.00,0.80,15.80
25/06/1993,6.38,2.72,6.80,15.80,0.80,0.00,0.00,0.00,14.38
26/06/1993,6.24,2.48,6.36,14.38,4.80,19.20,5.60,11.20,14.31
27/06/1993,6.40,2.58,5.96,14.31,0.00,0.00,28.80,8.80,13.53
28/06/1993,5.90,2.41,5.49,13.53,0.00,0.00,0.00,0.00,12.83
29/06/1993,5.60,2.33,5.18,12.83,0.00,0.00,0.00,0.00,12.16
30/06/1993,5.30,2.27,4.89,12.16,0.00,0.00,0.00,0.00,11.70
01/07/1993,5.18,2.23,4.70,11.70,0.80,0.00,0.00,2.40,11.16
02/07/1993,5.01,2.20,4.78,11.16,0.00,0.00,0.00,3.20,11.60
03/07/1993,5.14,2.18,5.13,11.60,0.00,0.00,20.00,3.20,11.34
04/07/1993,4.89,2.17,4.58,11.34,0.80,0.00,71.20,10.40,10.95
05/07/1993,4.79,2.18,4.50,10.95,2.40,0.00,18.40,18.40,10.50
06/07/1993,4.64,2.13,4.41,10.50,0.00,0.00,0.00,0.00,10.20
07/07/1993,4.57,2.09,4.47,10.20,0.00,0.00,0.00,0.00,9.87
08/07/1993,4.23,2.06,4.31,9.87,0.00,0.00,0.00,0.00,9.66
09/07/1993,4.10,2.13,4.21,9.66,28.80,0.00,47.20,89.60,13.04
10/07/1993,4.57,2.43,9.09,13.04,0.00,0.00,22.40,11.20,14.60
11/07/1993,5.33,2.18,6.90,14.60,4.80,0.00,19.20,17.60,11.95
12/07/1993,4.50,2.07,5.43,11.95,4.00,0.00,19.20,21.60,10.70
13/07/1993,4.27,2.01,4.84,10.70,0.00,0.00,0.00,2.40,10.27
14/07/1993,4.11,2.00,4.64,10.27,12.00,5.60,20.00,0.80,10.58
15/07/1993,4.39,2.22,4.71,10.58,22.40,24.80,13.60,0.00,12.28
16/07/1993,5.07,3.13,5.29,12.28,22.40,3.20,24.00,0.00,17.62
17/07/1993,6.81,3.27,12.09,17.62,12.00,18.40,34.40,0.00,23.80
18/07/1993,9.18,2.46,11.17,23.80,0.00,0.00,7.20,0.00,17.75
19/07/1993,6.39,2.22,8.35,17.75,3.20,2.40,18.40,0.00,46.31
20/07/1993,7.54,13.26,43.20,46.31,37.60,16.00,90.40,0.00,46.49
21/07/1993,12.20,5.73,21.00,46.49,28.80,14.00,16.80,0.00,37.24
22/07/1993,9.01,5.30,23.61,37.24,0.00,0.00,0.00,0.00,24.29
23/07/1993,6.88,3.27,11.16,24.29,0.00,0.00,9.60,0.00,18.73
24/07/1993,5.57,2.87,18.21,18.73,20.80,0.00,26.40,3.20,39.61
25/07/1993,13.30,2.93,23.27,39.61,1.60,0.00,0.80,0.00,25.53
26/07/1993,7.93,2.66,12.30,25.53,4.00,1.60,46.00,0.00,22.36
27/07/1993,6.60,2.76,14.70,22.36,9.60,0.00,2.40,0.00,22.10
28/07/1993,6.69,2.79,13.13,22.10,4.00,1.60,28.00,0.00,23.89
29/07/1993,6.53,2.71,15.09,23.89,0.00,0.00,0.00,10.40,19.53
30/07/1993,5.96,2.57,9.86,19.53,2.40,0.00,10.40,0.00,15.53
31/07/1993,5.12,2.39,7.79,15.53,0.00,0.00,12.80,0.00,13.52
01/08/1993,4.80,2.28,6.65,13.52,12.80,0.00,36.80,0.00,12.49
02/08/1993,4.44,2.32,6.17,12.49,0.00,0.00,4.00,0.00,12.45
03/08/1993,4.46,2.66,5.76,12.45,3.20,0.00,18.40,0.00,12.56
04/08/1993,4.29,2.41,8.18,12.56,11.20,0.00,34.40,12.00,25.11
05/08/1993,9.76,3.01,17.89,25.11,4.80,22.40,24.80,13.60,108.00
06/08/1993,54.80,26.52,86.66,108.00,146.40,165.60,112.80,132.80,127.80
07/08/1993,55.10,13.69,34.23,127.80,7.20,4.80,2.40,1.60,48.75
08/08/1993,15.70,4.95,17.91,48.75,0.80,1.60,19.20,12.00,31.65
09/08/1993,12.10,3.93,16.39,31.65,3.20,0.80,14.40,4.80,33.63
10/08/1993,15.40,4.06,18.68,33.63,26.40,47.20,53.60,45.60,41.23
11/08/1993,16.20,3.77,15.09,41.23,0.00,0.00,0.80,1.60,40.14
12/08/1993,17.20,6.02,33.51,40.14,45.60,26.40,62.40,72.40,67.91
13/08/1993,27.50,5.69,28.49,67.91,8.80,17.60,14.40,32.80,44.83
14/08/1993,16.00,3.90,18.25,44.83,0.00,0.00,0.00,0.00,30.32
15/08/1993,11.10,3.33,11.97,30.32,0.00,0.00,0.00,0.00,31.47
16/08/1993,12.40,5.42,15.61,31.47,28.00,34.00,48.00,25.60,33.00
17/08/1993,12.10,4.13,12.26,33.00,0.00,8.00,0.00,0.00,24.38
18/08/1993,9.26,3.33,9.11,24.38,0.00,0.00,0.00,0.00,20.33
19/08/1993,7.98,3.05,7.76,20.33,0.00,0.00,0.00,0.00,17.90
20/08/1993,7.04,2.88,6.89,17.90,0.00,0.00,22.40,4.00,15.83
21/08/1993,6.35,2.81,6.33,15.83,0.00,0.00,5.60,0.80,14.52
22/08/1993,5.86,2.73,5.95,14.52,1.60,0.00,8.00,3.20,13.99
23/08/1993,5.51,3.06,5.61,13.99,20.80,0.00,0.00,4.80,13.78
24/08/1993,5.48,2.76,5.50,13.78,4.00,0.80,0.00,4.00,13.29
25/08/1993,5.32,2.60,5.27,13.29,0.00,0.00,0.00,0.00,12.84
26/08/1993,5.20,2.52,5.09,12.84,0.00,0.00,0.00,0.00,12.39
27/08/1993,5.00,2.49,4.95,12.39,0.00,0.00,0.00,0.00,12.07
28/08/1993,4.82,2.44,4.78,12.07,0.00,0.00,0.00,0.00,11.58
29/08/1993,4.65,2.42,4.68,11.58,0.00,0.00,0.80,0.00,11.32
30/08/1993,4.53,2.35,4.62,11.32,0.00,0.00,8.00,5.60,10.88
31/08/1993,4.38,2.34,4.43,10.88,0.00,0.00,0.00,0.00,10.58
01/09/1993,4.28,2.30,4.31,10.58,0.00,0.00,0.00,0.00,10.48
02/09/1993,4.26,2.29,4.22,10.48,0.00,0.00,0.80,4.00,10.34
03/09/1993,4.12,2.26,4.20,10.34,0.00,0.00,0.00,0.00,10.25
04/09/1993,4.12,2.26,4.08,10.25,4.80,0.00,0.00,4.80,10.04
05/09/1993,4.04,2.24,4.04,10.04,0.00,0.00,0.00,0.00,9.96
06/09/1993,3.98,2.23,3.99,9.96,0.00,0.00,0.00,0.00,9.95
07/09/1993,3.96,2.24,3.94,9.95,0.00,0.00,0.00,0.00,10.01
08/09/1993,3.94,2.22,3.75,10.01,3.20,0.00,0.00,0.00,11.97
09/09/1993,4.84,4.54,12.75,11.97,116.40,26.40,95.60,132.80,58.26
10/09/1993,33.80,7.84,32.70,58.26,10.80,11.60,3.20,19.20,55.08
11/09/1993,20.80,6.69,39.42,55.08,18.40,5.60,40.80,118.00,61.80
12/09/1993,19.70,4.54,27.11,61.80,8.00,0.00,24.00,12.40,34.91
13/09/1993,12.20,3.33,15.40,34.91,5.60,0.00,7.20,11.20,129.00
14/09/1993,75.60,39.17,158.42,129.00,225.20,55.60,208.80,196.80,317.40
15/09/1993,180.00,70.72,153.23,317.40,103.20,74.40,30.40,22.40,337.20
16/09/1993,167.00,80.24,129.35,337.20,80.00,36.80,15.20,16.80,258.90
17/09/1993,105.00,51.68,54.93,258.90,12.00,15.20,0.00,0.00,152.90
18/09/1993,50.00,27.40,34.09,152.90,0.00,0.00,0.00,0.00,93.07
19/09/1993,28.10,17.74,24.37,93.07,0.00,0.00,0.00,0.00,62.26
20/09/1993,19.30,13.53,19.05,62.26,0.00,0.00,0.80,1.60,49.15
21/09/1993,16.90,10.17,18.33,49.15,12.80,10.40,58.40,42.40,47.41
22/09/1993,16.50,8.91,17.58,47.41,0.80,0.00,5.60,21.60,38.26
23/09/1993,13.80,5.53,15.17,38.26,0.00,0.00,8.80,0.80,32.00
24/09/1993,12.20,4.92,13.53,32.00,0.00,0.00,0.80,0.00,31.00
25/09/1993,11.10,4.47,11.67,31.00,0.00,0.00,3.20,0.00,29.11
26/09/1993,9.94,4.21,10.31,29.11,0.00,0.00,0.80,0.80,25.99
27/09/1993,9.19,3.87,9.28,25.99,0.00,0.00,0.00,0.00,23.38
28/09/1993,8.61,3.67,8.48,23.38,0.00,0.00,0.00,0.00,21.42
29/09/1993,8.23,3.61,7.90,21.42,0.00,0.00,0.00,0.00,20.33
30/09/1993,8.02,4.68,7.66,20.33,3.20,0.80,32.80,3.20,20.44
01/10/1993,8.05,4.07,7.85,20.44,23.20,10.40,15.20,21.60,26.30
02/10/1993,10.80,6.48,12.78,26.30,12.80,8.80,37.60,17.60,82.21
03/10/1993,35.60,18.36,56.00,82.21,69.60,38.40,30.40,25.60,104.40
04/10/1993,44.40,16.30,31.95,104.40,0.00,0.00,0.00,0.00,68.06
05/10/1993,23.00,14.14,25.03,68.06,6.40,0.80,16.00,4.00,69.72
06/10/1993,25.70,16.14,34.01,69.72,46.40,52.80,28.80,20.80,133.40
07/10/1993,71.40,25.92,56.15,133.40,12.80,18.80,12.80,12.00,185.00
08/10/1993,95.40,35.33,82.07,185.00,23.60,28.40,20.80,31.20,150.40
09/10/1993,68.10,19.79,43.91,150.40,1.60,0.00,0.80,0.80,90.31
10/10/1993,37.70,13.40,30.39,90.31,0.00,13.60,0.00,1.60,71.14
11/10/1993,30.20,11.54,24.32,71.14,0.80,0.00,0.80,2.40,59.05
12/10/1993,22.40,10.14,19.71,59.05,1.60,2.40,4.00,0.00,68.72
13/10/1993,33.90,18.11,27.47,68.72,66.40,20.80,20.80,20.00,98.35
14/10/1993,52.00,16.21,31.81,98.35,4.80,4.80,0.00,0.00,74.58
15/10/1993,31.40,12.01,22.31,74.58,0.00,5.60,0.80,0.80,55.06
16/10/1993,22.30,8.79,17.59,55.06,0.00,0.00,0.00,0.80,42.92
17/10/1993,18.10,5.77,14.76,42.92,0.00,0.00,0.00,0.00,36.39
18/10/1993,15.50,5.30,12.93,36.39,0.00,0.00,0.00,0.80,32.49
19/10/1993,13.90,4.84,11.76,32.49,0.00,0.00,0.80,0.00,30.28
20/10/1993,13.00,4.65,11.05,30.28,0.00,0.00,0.80,0.80,29.30
21/10/1993,12.80,4.67,10.59,29.30,4.00,12.00,11.20,12.80,28.16
22/10/1993,13.20,4.37,10.33,28.16,0.00,7.20,0.80,0.80,27.79
23/10/1993,12.60,4.09,10.06,27.79,0.00,0.80,0.00,0.00,26.08
24/10/1993,11.70,3.95,9.49,26.08,0.00,0.00,0.00,0.00,24.67
25/10/1993,11.00,3.80,9.07,24.67,0.80,1.60,0.80,0.00,23.32
26/10/1993,10.50,3.71,8.63,23.32,0.00,0.00,0.00,0.00,22.19
27/10/1993,9.99,3.61,8.13,22.19,0.00,0.00,0.00,0.00,21.05
28/10/1993,9.46,3.55,7.77,21.05,0.00,0.00,0.00,0.00,20.32
29/10/1993,9.09,3.49,7.55,20.32,0.00,0.00,0.00,0.00,19.71
30/10/1993,8.76,3.42,7.37,19.71,0.00,0.00,0.00,0.00,19.23
31/10/1993,8.53,3.34,7.16,19.23,0.80,0.00,0.00,0.00,18.76
01/11/1993,8.43,3.26,7.08,18.76,0.00,0.00,0.00,0.00,18.53
02/11/1993,8.35,3.31,6.97,18.53,0.00,0.00,0.80,3.20,18.36
03/11/1993,8.12,3.33,6.86,18.36,0.00,0.00,0.00,0.00,18.00
04/11/1993,8.15,3.28,6.80,18.00,2.40,2.40,5.60,4.00,17.70
05/11/1993,8.02,3.24,6.69,17.70,0.00,0.00,3.20,2.40,17.80
06/11/1993,8.00,3.20,6.69,17.80,0.00,0.00,0.00,0.00,17.50
07/11/1993,7.68,3.17,6.57,17.50,0.00,0.00,0.80,0.80,17.15
08/11/1993,7.58,3.17,6.55,17.15,0.80,0.00,1.60,0.00,16.48
09/11/1993,7.48,3.13,6.48,16.48,0.00,0.00,0.00,0.80,17.70
10/11/1993,7.91,3.66,6.43,17.70,0.00,7.20,42.40,47.20,24.88
11/11/1993,10.40,4.05,13.48,24.88,0.00,1.60,0.80,0.00,26.69
12/11/1993,10.10,3.59,10.30,26.69,0.00,0.00,5.60,0.00,22.02
13/11/1993,8.54,3.35,8.49,22.02,1.60,0.00,21.60,24.80,26.34
14/11/1993,10.10,5.04,14.96,26.34,23.20,36.00,56.00,23.20,114.90
15/11/1993,66.80,26.44,45.56,114.90,21.60,47.20,9.60,8.00,97.19
16/11/1993,46.20,9.50,20.64,97.19,0.00,0.00,0.00,0.00,52.90
17/11/1993,23.50,6.43,13.99,52.90,0.00,0.00,0.00,0.00,39.39
18/11/1993,16.70,5.40,11.26,39.39,0.00,0.00,0.00,0.00,36.00
19/11/1993,13.70,4.88,9.88,36.00,0.00,0.00,0.00,0.00,31.05
20/11/1993,11.90,4.55,8.91,31.05,0.00,0.00,0.80,0.00,26.00
21/11/1993,10.70,4.24,8.02,26.00,0.00,0.00,2.40,0.00,24.69
22/11/1993,10.50,4.32,7.74,24.69,0.00,8.00,0.80,0.00,24.50
23/11/1993,10.40,4.09,7.58,24.50,0.00,24.80,8.80,0.00,24.41
24/11/1993,10.10,4.02,7.18,24.41,0.00,0.00,1.60,0.00,22.32
25/11/1993,9.22,3.79,6.51,22.32,0.00,0.00,0.00,0.00,21.49
26/11/1993,10.10,3.69,6.68,21.49,2.40,0.00,8.80,10.00,26.25
27/11/1993,14.30,3.99,8.50,26.25,0.00,0.00,1.60,0.00,30.47
28/11/1993,13.70,4.06,9.13,30.47,0.00,0.00,0.00,0.00,29.90
29/11/1993,14.90,4.08,9.08,29.90,0.00,0.00,0.00,0.00,33.50
30/11/1993,14.20,4.02,8.63,33.50,15.20,15.20,0.00,0.00,45.39
01/12/1993,23.00,7.87,10.33,45.39,6.40,9.60,18.40,12.80,58.28
02/12/1993,28.20,7.26,25.00,58.28,1.60,4.00,20.80,26.40,99.25
03/12/1993,46.00,11.15,61.33,99.25,2.40,0.00,76.00,44.00,99.11
04/12/1993,34.70,8.76,44.48,99.11,6.40,0.00,13.60,43.20,113.50
05/12/1993,58.30,7.41,78.34,113.50,14.40,1.60,48.00,38.40,95.15
06/12/1993,29.90,6.59,33.95,95.15,5.60,0.00,11.20,4.00,52.83
07/12/1993,18.60,6.32,24.06,52.83,18.40,0.00,36.80,43.20,80.19
08/12/1993,39.50,6.48,48.00,80.19,3.20,0.00,25.60,12.80,97.34
09/12/1993,38.40,21.85,87.40,97.34,38.40,37.60,117.60,87.20,239.00
10/12/1993,107.00,42.23,96.20,239.00,4.00,0.00,58.40,14.40,171.80
11/12/1993,53.80,29.23,81.97,171.80,20.00,6.40,74.40,44.80,149.20
12/12/1993,40.80,22.12,53.71,149.20,4.80,0.00,40.80,15.20,101.00
13/12/1993,33.00,19.01,37.49,101.00,34.40,33.60,0.00,12.80,154.30
14/12/1993,64.80,44.66,62.64,154.30,24.80,20.00,25.20,40.80,184.50
15/12/1993,68.00,32.77,50.91,184.50,29.60,7.20,0.00,0.00,178.50
16/12/1993,64.70,43.35,93.29,178.50,21.60,4.80,84.80,55.20,219.80
17/12/1993,83.30,45.39,90.51,219.80,1.60,0.00,16.80,1.60,150.20
18/12/1993,48.00,25.32,48.84,150.20,0.00,0.00,19.20,2.40,179.20
19/12/1993,90.10,26.64,130.57,179.20,19.20,0.00,30.40,64.80,293.90
20/12/1993,162.00,61.43,183.84,293.90,28.80,4.00,70.40,84.00,265.10
21/12/1993,81.50,42.69,63.70,265.10,0.00,0.00,0.00,0.00,137.40
22/12/1993,30.10,21.93,37.83,137.40,1.60,0.00,1.60,0.00,101.10
23/12/1993,27.70,20.86,52.52,101.10,14.40,2.40,36.00,0.00,111.40
24/12/1993,34.80,22.90,47.11,111.40,8.80,8.00,41.60,26.40,103.90
25/12/1993,36.30,24.13,41.20,103.90,0.80,21.60,10.40,2.40,88.64
26/12/1993,30.20,18.23,29.13,88.64,0.00,2.40,4.00,1.60,68.55
27/12/1993,22.20,15.28,23.40,68.55,0.00,4.00,13.60,0.00,57.25
28/12/1993,19.50,10.91,20.29,57.25,0.00,0.00,2.40,0.00,52.94
29/12/1993,20.20,8.21,19.05,52.94,10.40,16.80,22.40,11.60,126.10
30/12/1993,68.10,23.79,80.21,126.10,11.20,16.00,36.80,32.00,190.70
31/12/1993,83.70,33.54,68.59,190.70,16.80,14.40,67.20,39.20,143.30
01/01/1994,50.60,23.23,43.23,143.30,0.00,0.00,3.20,1.60,91.94
02/01/1994,29.40,14.51,30.52,91.94,0.80,1.60,1.60,6.40,121.60
03/01/1994,50.30,29.79,59.60,121.60,23.20,30.40,44.00,28.80,203.20
04/01/1994,97.50,41.47,100.10,203.20,9.60,50.40,49.60,43.20,237.40
05/01/1994,110.00,41.41,65.17,237.40,0.00,0.00,0.80,1.60,186.50
06/01/1994,74.70,31.20,44.38,186.50,17.60,36.80,43.20,25.60,163.10
07/01/1994,70.90,27.55,44.11,163.10,0.00,0.00,2.40,4.80,127.40
08/01/1994,55.10,19.77,33.79,127.40,0.00,2.40,0.00,1.60,98.21
09/01/1994,40.60,14.92,27.20,98.21,0.00,0.80,21.60,6.40,86.60
10/01/1994,37.40,11.52,39.13,86.60,7.20,7.20,32.00,12.80,145.30
11/01/1994,79.40,13.83,61.11,145.30,0.00,2.40,0.80,0.00,113.60
12/01/1994,47.60,13.94,37.75,113.60,5.60,5.60,16.80,11.20,123.00
13/01/1994,57.40,20.58,63.91,123.00,36.00,8.80,52.00,43.20,186.30
14/01/1994,101.00,24.82,84.93,186.30,31.20,4.80,9.60,26.40,188.60
15/01/1994,82.50,30.62,83.60,188.60,24.80,0.00,44.00,30.40,157.10
16/01/1994,57.50,24.09,50.79,157.10,0.80,7.20,0.80,0.00,102.80
17/01/1994,35.80,17.42,34.37,102.80,0.00,7.20,0.00,0.00,80.08
18/01/1994,26.10,15.20,26.04,80.08,0.00,2.40,0.00,0.80,75.03
19/01/1994,30.90,13.47,35.41,75.03,4.00,8.00,36.00,45.60,118.30
20/01/1994,52.20,12.41,49.84,118.30,0.00,0.00,0.00,0.80,81.92
21/01/1994,27.80,12.34,31.57,81.92,0.00,0.00,60.00,13.60,71.77
22/01/1994,24.80,11.90,31.70,71.77,0.00,0.00,16.00,6.40,68.35
23/01/1994,23.40,11.54,30.17,68.35,3.20,0.00,20.00,13.60,112.70
24/01/1994,42.20,21.79,76.30,112.70,19.20,2.40,54.40,48.80,100.30
25/01/1994,29.60,13.33,35.19,100.30,3.20,1.60,35.20,13.60,111.60
26/01/1994,42.80,24.06,86.14,111.60,31.20,5.60,97.60,62.40,197.50
27/01/1994,56.70,37.76,76.95,197.50,33.60,0.80,39.20,37.60,229.30
28/01/1994,123.00,40.08,139.75,229.30,52.00,49.60,46.40,44.00,242.10
29/01/1994,104.00,39.93,62.12,242.10,0.00,0.00,16.80,5.60,153.00
30/01/1994,50.20,22.39,62.30,153.00,4.80,0.00,21.20,30.80,157.50
31/01/1994,64.10,20.46,66.45,157.50,2.40,0.00,4.00,11.20,105.60
01/02/1994,33.60,16.61,38.18,105.60,1.60,0.00,0.80,4.00,103.20
02/02/1994,42.50,16.14,70.01,103.20,23.20,9.60,48.80,60.00,139.60
03/02/1994,52.40,16.89,49.65,139.60,0.00,0.00,0.00,0.80,102.10
04/02/1994,39.80,21.49,37.99,102.10,34.40,26.40,1.60,12.80,144.90
05/02/1994,62.80,31.21,66.14,144.90,0.00,0.00,0.00,0.00,141.30
06/02/1994,56.30,18.19,49.42,141.30,0.80,1.60,2.40,4.80,99.39
07/02/1994,39.00,14.76,40.19,99.39,0.00,0.80,13.60,7.20,89.16
08/02/1994,33.80,14.15,34.47,89.16,0.00,0.00,0.80,3.20,70.76
09/02/1994,26.00,11.73,31.15,70.76,8.00,1.60,36.80,44.80,84.77
10/02/1994,33.80,10.40,46.33,84.77,0.00,0.00,1.60,0.00,68.28
11/02/1994,23.30,8.59,27.83,68.28,0.00,0.00,0.80,0.00,56.59
12/02/1994,20.00,7.96,22.52,56.59,0.00,0.00,0.00,0.00,50.53
13/02/1994,17.90,7.38,19.22,50.53,0.00,0.00,0.00,0.00,46.39
14/02/1994,16.30,6.91,16.73,46.39,0.00,0.00,0.00,0.00,41.90
15/02/1994,15.00,6.56,14.50,41.90,0.00,0.00,0.00,0.00,39.99
16/02/1994,14.20,6.63,13.43,39.99,4.00,2.40,0.00,0.00,35.09
17/02/1994,13.60,6.13,12.71,35.09,8.00,7.20,12.00,1.60,36.73
18/02/1994,13.30,5.43,12.21,36.73,0.00,0.00,1.60,3.20,33.65
19/02/1994,13.20,5.67,12.12,33.65,0.00,0.00,0.00,0.00,31.70
20/02/1994,12.90,5.62,11.81,31.70,0.00,0.00,0.00,0.00,30.31
21/02/1994,12.30,5.21,11.10,30.31,2.40,3.20,0.00,0.00,28.78
22/02/1994,11.90,4.93,10.59,28.78,3.20,12.00,1.60,1.60,27.88
23/02/1994,11.50,4.72,10.02,27.88,1.60,2.40,1.60,1.60,31.49
24/02/1994,11.20,4.91,9.94,31.49,5.60,5.60,0.00,0.00,30.35
25/02/1994,11.20,4.92,9.77,30.35,0.80,0.00,0.00,5.60,32.17
26/02/1994,12.30,5.52,10.82,32.17,36.80,55.20,0.00,16.00,86.82
27/02/1994,42.60,19.57,24.80,86.82,23.20,27.20,64.80,55.20,193.90
28/02/1994,98.00,45.16,120.44,193.90,5.60,5.60,37.60,32.80,280.80
01/03/1994,154.00,44.73,112.92,280.80,0.80,0.80,26.40,14.40,222.50
02/03/1994,96.70,30.93,55.14,222.50,0.00,0.00,1.60,0.00,143.90
03/03/1994,52.20,20.21,39.36,143.90,0.00,4.00,35.20,13.60,150.80
04/03/1994,73.40,20.32,87.04,150.80,36.00,10.40,61.60,54.40,148.80
05/03/1994,56.80,18.64,47.09,148.80,1.60,0.00,4.80,2.40,111.80
06/03/1994,51.10,15.40,54.28,111.80,11.20,3.20,16.00,24.00,103.50
07/03/1994,38.10,13.58,37.48,103.50,2.40,0.00,40.80,0.00,116.90
08/03/1994,41.00,12.72,72.14,116.90,0.80,0.00,52.00,0.00,108.80
09/03/1994,39.30,12.36,82.05,108.80,9.60,0.00,66.40,0.00,138.50
10/03/1994,49.80,13.05,56.44,138.50,2.40,0.00,12.00,7.20,77.91
11/03/1994,23.60,11.16,31.59,77.91,0.00,0.00,0.00,0.00,59.87
12/03/1994,24.00,10.45,30.71,59.87,27.20,0.00,31.20,28.80,76.80
13/03/1994,28.10,10.69,37.06,76.80,14.40,0.00,60.00,51.20,127.80
14/03/1994,53.50,14.60,81.94,127.80,14.40,0.00,20.00,14.40,120.90
15/03/1994,35.70,18.05,80.32,120.90,8.80,0.00,35.20,29.60,120.90
16/03/1994,36.60,16.89,45.99,120.90,1.60,0.00,8.00,5.60,70.19
17/03/1994,20.20,12.37,31.95,70.19,24.80,12.80,22.40,23.20,59.56
18/03/1994,18.00,11.69,27.43,59.56,1.60,0.00,10.40,10.40,54.10
19/03/1994,17.50,11.00,26.42,54.10,2.40,4.00,32.00,16.80,58.46
20/03/1994,19.50,9.54,28.06,58.46,1.60,0.00,0.80,0.00,46.14
21/03/1994,16.30,6.05,20.63,46.14,0.80,0.00,0.00,0.80,39.57
22/03/1994,14.60,5.64,16.86,39.57,0.00,0.00,0.00,0.00,46.12
23/03/1994,19.40,5.74,33.56,46.12,1.60,0.00,20.00,33.60,110.00
24/03/1994,64.90,10.53,134.64,110.00,66.40,2.40,170.40,129.60,259.20
25/03/1994,104.00,40.36,91.49,259.20,0.80,0.00,0.00,0.80,124.00
26/03/1994,31.60,16.31,48.52,124.00,8.80,14.40,52.00,18.40,85.47
27/03/1994,25.30,12.32,32.18,85.47,0.00,0.00,0.00,0.00,56.22
28/03/1994,17.40,8.85,24.91,56.22,8.80,0.80,29.60,46.40,64.34
29/03/1994,18.00,9.76,40.08,64.34,3.20,0.00,7.20,7.20,59.25
30/03/1994,18.00,8.75,31.58,59.25,2.40,0.00,0.00,12.80,50.76
31/03/1994,15.80,8.22,22.77,50.76,10.40,6.40,18.40,14.80,52.42
01/04/1994,20.00,8.59,33.76,52.42,19.20,22.40,83.20,59.20,139.10
02/04/1994,62.40,14.82,88.46,139.10,16.00,8.80,74.40,32.00,102.40
03/04/1994,30.10,12.80,40.04,102.40,0.80,0.00,17.60,3.20,65.10
04/04/1994,19.70,9.80,33.59,65.10,8.80,1.60,54.40,48.80,98.21
05/04/1994,28.10,14.62,60.80,98.21,13.60,0.80,12.80,3.20,73.44
06/04/1994,22.30,11.31,39.81,73.44,10.40,5.60,42.40,34.40,79.44
07/04/1994,28.50,10.34,38.78,79.44,0.00,0.00,0.00,0.80,72.78
08/04/1994,27.00,10.30,38.07,72.78,22.40,12.80,44.80,35.20,91.78
09/04/1994,30.40,15.54,65.26,91.78,19.20,9.60,68.80,53.60,123.30
10/04/1994,37.70,21.89,49.23,123.30,6.40,0.00,15.20,17.60,77.52
11/04/1994,21.20,12.41,35.96,77.52,0.00,1.60,23.20,0.00,61.35
12/04/1994,20.20,9.20,28.44,61.35,0.00,0.00,0.80,0.80,55.09
13/04/1994,19.00,11.19,28.68,55.09,12.80,16.00,5.60,6.40,63.07
14/04/1994,22.80,10.91,26.05,63.07,0.00,0.00,0.00,0.00,47.63
15/04/1994,16.10,8.82,18.43,47.63,0.00,0.00,0.00,0.00,39.93
16/04/1994,13.60,8.24,15.38,39.93,0.80,0.00,0.80,0.00,35.34
17/04/1994,12.20,7.85,13.84,35.34,0.80,0.00,0.00,0.00,32.17
18/04/1994,11.40,7.45,12.60,32.17,0.00,0.00,0.80,0.80,28.26
19/04/1994,10.90,4.44,11.76,28.26,0.00,0.00,1.60,0.00,26.28
20/04/1994,10.60,4.01,11.27,26.28,0.00,0.00,6.40,0.80,25.77
21/04/1994,10.50,4.18,10.77,25.77,15.20,8.00,23.20,24.00,29.29
22/04/1994,13.20,3.99,14.44,29.29,4.00,5.60,15.20,7.20,39.38
23/04/1994,18.00,3.94,26.74,39.38,8.80,3.20,13.60,46.40,73.41
24/04/1994,33.30,7.00,47.02,73.41,25.60,16.80,51.20,31.20,80.79
25/04/1994,34.20,5.95,31.54,80.79,0.00,0.00,1.60,2.40,48.35
26/04/1994,17.70,6.02,21.23,48.35,10.40,11.20,29.60,20.00,49.50
27/04/1994,17.50,6.16,27.07,49.50,3.20,0.00,10.40,6.40,39.69
28/04/1994,14.20,4.36,17.04,39.69,3.20,0.00,7.20,7.20,37.65
29/04/1994,17.50,3.98,26.58,37.65,4.00,0.00,1.60,23.20,52.87
30/04/1994,22.10,3.70,22.13,52.87,0.00,0.00,0.00,0.00,34.32
01/05/1994,13.50,3.58,14.12,34.32,0.00,0.00,0.00,0.00,27.22
02/05/1994,11.10,3.33,11.75,27.22,0.00,0.00,0.00,1.60,24.07
03/05/1994,10.10,3.17,10.43,24.07,0.80,0.00,0.00,0.00,22.46
04/05/1994,9.74,3.13,9.58,22.46,2.40,0.00,3.20,3.20,21.27
05/05/1994,9.32,3.16,9.13,21.27,2.40,0.00,48.00,31.20,24.27
06/05/1994,11.50,3.34,12.95,24.27,8.00,6.40,20.80,15.20,37.69
07/05/1994,17.30,3.36,22.71,37.69,1.60,0.00,4.00,1.60,31.42
08/05/1994,12.10,3.28,12.81,31.42,1.60,7.20,5.60,2.40,24.05
09/05/1994,9.83,3.33,10.54,24.05,0.00,0.00,0.00,0.00,20.81
10/05/1994,8.82,2.89,9.06,20.81,0.00,0.00,2.40,0.00,18.95
11/05/1994,8.28,2.78,8.16,18.95,0.00,0.00,0.00,0.00,17.92
12/05/1994,7.91,2.74,7.83,17.92,0.00,0.00,0.00,0.00,16.88
13/05/1994,7.65,2.70,7.34,16.88,0.00,0.00,0.00,0.00,16.09
14/05/1994,7.26,2.63,6.95,16.09,0.00,0.00,0.00,0.00,15.39
15/05/1994,7.10,2.62,6.79,15.39,0.00,0.00,0.00,0.00,19.78
16/05/1994,8.15,5.67,8.34,19.78,28.00,36.00,14.40,28.00,25.57
17/05/1994,10.50,4.21,11.55,25.57,0.00,0.00,0.80,1.60,22.02
18/05/1994,8.58,3.22,9.01,22.02,0.00,0.00,0.00,0.00,18.69
19/05/1994,7.50,2.86,7.64,18.69,0.00,0.00,0.00,0.00,16.56
20/05/1994,7.15,2.72,7.12,16.56,0.00,0.00,0.00,0.00,15.76
21/05/1994,7.15,2.67,6.80,15.76,0.00,0.00,0.00,0.00,15.64
22/05/1994,6.95,3.09,6.72,15.64,8.80,4.80,3.20,0.00,26.65
23/05/1994,14.50,6.43,19.82,26.65,48.80,35.20,5.60,1.60,43.22
24/05/1994,18.30,5.35,14.00,43.22,0.00,1.60,0.80,0.00,26.34
25/05/1994,10.70,4.06,9.59,26.34,0.00,0.00,0.00,0.00,20.46
26/05/1994,8.52,3.40,7.90,20.46,0.00,0.00,0.00,0.00,17.60
27/05/1994,7.56,2.97,6.98,17.60,0.00,0.00,0.00,0.00,15.84
28/05/1994,6.99,2.75,6.48,15.84,0.00,0.00,0.00,0.00,15.36
29/05/1994,6.64,2.65,6.13,15.36,0.00,0.00,0.00,0.00,14.36
30/05/1994,6.31,2.57,5.88,14.36,0.00,0.00,0.00,0.00,13.71
31/05/1994,6.08,2.51,5.72,13.71,0.00,0.00,0.00,0.00,13.40
01/06/1994,5.87,2.47,5.51,13.40,0.00,0.00,0.00,0.00,13.19
02/06/1994,5.73,2.50,5.39,13.19,4.80,8.00,14.40,10.40,13.48
03/06/1994,5.95,2.73,5.47,13.48,0.80,7.20,8.80,1.60,14.07
04/06/1994,6.17,2.72,5.57,14.07,20.00,8.80,50.40,25.60,14.91
05/06/1994,7.90,2.61,7.10,14.91,6.40,6.40,9.60,0.80,18.63
06/06/1994,8.78,2.44,7.25,18.63,0.80,2.40,1.60,0.80,15.57
07/06/1994,6.76,2.38,6.14,15.57,0.00,0.00,16.80,9.60,13.47
08/06/1994,6.24,2.37,6.33,13.47,0.00,0.00,0.00,0.00,14.56
09/06/1994,6.26,2.32,6.54,14.56,0.00,0.00,3.20,2.40,12.86
10/06/1994,5.58,2.28,5.67,12.86,2.40,0.00,37.60,8.00,11.88
11/06/1994,5.33,2.28,5.34,11.88,0.00,0.00,0.00,0.00,11.64
12/06/1994,5.17,2.25,5.18,11.64,0.00,0.00,0.00,0.00,11.22
13/06/1994,4.97,2.22,4.94,11.22,0.00,0.00,0.00,0.00,11.18
14/06/1994,4.85,2.22,4.62,11.18,0.00,0.00,0.00,0.00,10.71
15/06/1994,4.63,2.09,4.34,10.71,0.00,0.00,0.00,0.00,10.25
16/06/1994,4.50,2.02,4.25,10.25,0.00,0.00,0.00,0.00,10.03
17/06/1994,4.46,2.04,4.14,10.03,1.60,3.20,6.40,3.20,10.30
18/06/1994,4.61,2.06,4.10,10.30,0.00,0.00,0.80,0.00,10.18
19/06/1994,4.58,2.05,4.08,10.18,1.60,0.00,6.40,8.00,10.37
20/06/1994,4.47,2.05,4.56,10.37,1.60,0.00,65.60,15.20,13.63
21/06/1994,5.51,2.09,7.57,13.63,0.00,0.00,5.60,0.00,14.19
22/06/1994,5.22,2.19,10.75,14.19,9.60,8.00,57.60,50.40,26.89
23/06/1994,9.40,2.35,15.91,26.89,0.00,0.00,6.40,0.80,18.78
24/06/1994,6.46,2.08,8.00,18.78,0.00,0.00,4.40,0.00,13.75
25/06/1994,5.18,2.00,6.19,13.75,8.80,21.60,34.40,13.60,12.50
26/06/1994,4.99,2.37,5.55,12.50,0.00,0.00,0.00,0.00,12.76
27/06/1994,5.50,2.08,6.01,12.76,0.00,0.00,4.00,16.00,12.27
28/06/1994,4.83,1.98,7.07,12.27,0.00,0.00,6.40,8.80,15.79
29/06/1994,5.82,1.92,8.49,15.79,0.00,0.00,0.00,0.00,12.57
30/06/1994,4.69,1.88,5.68,12.57,0.00,0.00,8.00,4.80,10.65
01/07/1994,4.12,1.80,4.77,10.65,0.00,0.00,0.00,0.80,9.88
02/07/1994,3.90,1.79,4.34,9.88,0.00,0.00,0.80,1.60,9.50
03/07/1994,3.83,1.83,4.06,9.50,0.00,0.00,0.00,0.00,9.23
04/07/1994,3.68,1.84,4.01,9.23,0.00,0.00,0.00,0.00,8.72
05/07/1994,3.67,1.84,4.05,8.72,0.80,0.00,6.40,3.20,8.91
06/07/1994,3.61,1.81,3.91,8.91,0.00,0.00,6.40,1.60,9.24
07/07/1994,3.67,1.96,3.83,9.24,10.40,0.80,52.40,9.60,9.71
08/07/1994,3.75,2.33,3.72,9.71,0.00,0.00,0.00,0.00,9.33
09/07/1994,3.74,1.98,3.78,9.33,0.00,0.00,0.00,0.00,8.99
10/07/1994,3.68,1.82,3.71,8.99,0.00,0.00,0.80,0.00,8.42
11/07/1994,3.52,1.75,3.67,8.42,0.00,0.00,0.00,4.80,8.32
12/07/1994,3.47,1.75,3.60,8.32,0.00,0.00,0.80,6.40,8.16
13/07/1994,3.39,1.73,3.37,8.16,0.00,3.20,0.00,0.80,7.97
14/07/1994,3.48,1.68,3.42,7.97,0.00,0.00,0.00,0.00,7.74
15/07/1994,3.31,1.66,3.36,7.74,0.00,0.80,0.00,0.80,7.65
16/07/1994,3.21,1.67,3.27,7.65,0.00,2.40,2.40,0.80,7.43
17/07/1994,3.14,1.64,3.14,7.43,0.00,0.00,0.00,0.00,7.50
18/07/1994,3.07,1.61,3.15,7.50,0.00,0.00,0.00,0.00,7.12
19/07/1994,3.10,1.65,3.11,7.12,0.00,0.00,0.00,0.00,6.62
20/07/1994,3.01,1.64,3.08,6.62,0.00,0.00,0.00,0.00,6.30
21/07/1994,2.96,1.64,3.04,6.30,0.00,0.00,0.00,0.00,6.34
22/07/1994,2.92,1.64,2.97,6.34,1.60,4.80,4.00,1.60,6.15
23/07/1994,3.00,1.66,2.96,6.15,0.00,0.00,0.00,0.80,5.89
24/07/1994,2.91,1.59,2.89,5.89,0.00,0.00,0.00,0.00,7.60
25/07/1994,3.52,2.79,3.51,7.60,20.00,37.20,54.40,18.40,11.16
26/07/1994,4.47,3.26,3.55,11.16,0.00,0.00,0.00,0.00,8.65
27/07/1994,3.64,1.99,3.63,8.65,1.60,3.20,12.80,17.60,9.50
28/07/1994,3.90,2.79,3.57,9.50,6.40,19.20,28.00,16.00,8.67
29/07/1994,3.69,2.07,3.33,8.67,0.00,0.00,0.00,0.00,8.08
30/07/1994,3.32,1.77,3.33,8.08,0.00,0.00,0.00,0.00,7.81
31/07/1994,3.16,1.72,3.28,7.81,6.80,18.40,1.60,10.40,9.43
01/08/1994,4.30,2.73,4.49,9.43,1.60,13.60,0.00,8.00,10.57
02/08/1994,4.24,2.27,4.19,10.57,3.20,0.80,0.00,7.20,9.69
03/08/1994,3.66,2.31,3.91,9.69,0.00,0.00,0.00,1.60,8.18
04/08/1994,3.26,1.92,3.51,8.18,24.40,1.60,0.00,30.40,8.73
05/08/1994,3.58,2.19,4.95,8.73,13.60,26.40,0.00,2.40,14.10
06/08/1994,5.82,2.05,7.36,14.10,4.00,0.00,5.60,1.60,11.62
07/08/1994,4.19,1.74,4.86,11.62,0.00,0.00,0.00,0.00,9.80
08/08/1994,3.69,1.67,4.13,9.80,0.00,0.00,0.00,0.00,8.95
09/08/1994,3.40,1.75,3.74,8.95,0.00,0.00,0.80,0.80,8.48
10/08/1994,3.21,1.70,3.64,8.48,0.00,0.00,0.00,0.00,8.16
11/08/1994,3.18,1.67,3.51,8.16,8.80,1.60,0.80,0.00,7.75
12/08/1994,3.26,1.70,3.44,7.75,4.80,7.20,1.60,0.00,7.65
13/08/1994,3.25,1.68,3.36,7.65,0.00,0.00,0.00,0.00,7.35
14/08/1994,3.10,1.61,3.31,7.35,0.00,0.00,0.00,0.00,6.91
15/08/1994,2.97,1.55,3.21,6.91,0.00,0.00,0.00,0.00,6.76
16/08/1994,2.89,1.54,3.13,6.76,0.00,0.00,0.00,0.00,6.59
17/08/1994,2.85,1.55,3.09,6.59,1.60,0.00,8.00,8.80,7.16
18/08/1994,3.29,1.78,3.26,7.16,13.60,17.60,64.00,24.00,9.92
19/08/1994,5.50,1.86,6.15,9.92,0.00,0.00,1.60,2.40,12.64
20/08/1994,5.51,1.52,5.26,12.64,0.00,0.00,7.20,7.20,9.52
21/08/1994,4.02,1.46,4.23,9.52,0.00,0.00,0.00,0.00,8.37
22/08/1994,3.53,1.43,3.98,8.37,0.00,0.00,0.00,1.60,7.35
23/08/1994,3.25,1.42,3.64,7.35,0.00,0.00,0.80,0.00,7.16
24/08/1994,3.23,1.65,3.57,7.16,10.40,11.20,45.20,31.60,10.28
25/08/1994,4.53,1.82,7.65,10.28,16.80,3.20,44.00,49.60,38.58
26/08/1994,13.90,2.36,37.80,38.58,9.60,15.20,50.40,19.20,33.27
27/08/1994,9.97,1.98,14.11,33.27,5.60,0.80,29.60,21.60,18.75
28/08/1994,5.84,1.55,11.51,18.75,2.40,0.00,67.60,13.60,17.88
29/08/1994,5.66,1.50,12.30,17.88,3.20,0.00,9.60,6.40,16.12
30/08/1994,4.56,1.53,9.80,16.12,0.00,0.00,8.80,0.80,13.02
31/08/1994,4.18,1.48,7.49,13.02,20.00,0.00,8.80,3.20,11.92
01/09/1994,4.08,1.86,7.31,11.92,14.40,31.20,40.80,19.20,27.63
02/09/1994,10.50,5.20,22.41,27.63,12.80,30.80,4.80,9.60,29.49
03/09/1994,9.55,2.56,11.55,29.49,0.00,0.00,0.80,0.00,16.21
04/09/1994,5.59,1.86,7.39,16.21,4.80,2.40,24.80,11.20,11.88
05/09/1994,4.58,1.69,5.95,11.88,4.00,0.80,18.40,12.00,11.61
06/09/1994,4.67,1.64,7.27,11.61,0.00,0.00,1.60,1.60,12.97
07/09/1994,5.28,1.63,6.87,12.97,4.80,14.40,35.20,22.40,14.41
08/09/1994,5.19,1.62,11.96,14.41,0.80,1.60,5.60,5.60,19.49
09/09/1994,6.24,1.96,11.34,19.49,8.80,8.00,12.00,8.80,17.45
10/09/1994,6.25,1.80,10.45,17.45,12.00,7.20,44.00,17.60,24.22
11/09/1994,12.50,2.29,19.52,24.22,20.00,10.40,38.80,17.60,41.61
12/09/1994,17.70,3.05,29.77,41.61,10.40,1.60,23.20,40.00,58.29
13/09/1994,20.20,5.33,43.15,58.29,21.60,48.00,100.40,40.00,78.25
14/09/1994,34.00,5.36,38.01,78.25,5.60,2.40,8.00,8.00,47.36
15/09/1994,18.40,2.87,24.87,47.36,28.80,20.80,10.40,4.00,69.31
16/09/1994,33.60,9.73,45.27,69.31,26.40,24.80,53.60,12.00,68.41
17/09/1994,28.60,4.82,26.30,68.41,0.00,0.80,0.80,3.20,34.88
18/09/1994,12.50,2.73,14.59,34.88,0.00,0.00,0.00,0.00,23.01
19/09/1994,8.88,2.27,10.40,23.01,0.00,0.00,0.00,0.00,18.87
20/09/1994,7.61,2.32,8.70,18.87,6.40,5.60,14.40,6.40,18.87
21/09/1994,7.43,2.94,8.79,18.87,15.20,8.80,16.00,7.20,24.02
22/09/1994,11.00,3.75,13.23,24.02,4.80,0.00,0.00,0.00,26.10
23/09/1994,10.50,2.79,10.29,26.10,0.00,0.00,0.80,0.00,18.27
24/09/1994,7.40,2.37,7.82,18.27,0.00,0.00,0.80,0.00,15.20
25/09/1994,6.49,2.29,7.02,15.20,9.60,9.60,20.00,16.00,42.36
26/09/1994,24.20,6.02,37.79,42.36,17.60,44.80,43.20,24.00,59.44
27/09/1994,22.10,4.32,22.98,59.44,0.00,0.00,0.80,0.00,32.42
28/09/1994,11.50,2.94,13.88,32.42,0.00,0.00,3.20,0.80,21.78
29/09/1994,8.71,2.51,10.39,21.78,0.00,0.00,2.40,0.80,17.77
30/09/1994,7.30,2.35,8.68,17.77,0.00,0.00,4.00,0.80,15.40
01/10/1994,6.44,2.25,7.60,15.40,0.00,0.80,3.20,0.00,15.49
02/10/1994,6.08,2.35,7.05,15.49,5.60,4.80,44.00,16.80,20.48
03/10/1994,8.47,3.21,21.79,20.48,12.80,28.00,73.20,27.20,65.22
04/10/1994,32.20,6.52,38.31,65.22,11.20,28.00,11.20,6.40,55.08
05/10/1994,20.70,4.20,19.73,55.08,0.00,0.00,0.80,0.80,31.18
06/10/1994,11.90,2.91,12.49,31.18,0.00,0.00,0.00,0.00,23.44
07/10/1994,9.50,2.53,9.64,23.44,0.00,0.00,0.00,0.00,19.71
08/10/1994,7.96,2.44,8.26,19.71,0.00,0.00,15.20,7.20,17.59
09/10/1994,7.24,2.37,8.74,17.59,0.00,0.00,7.20,4.00,17.71
10/10/1994,6.98,2.35,8.87,17.71,0.00,0.00,0.80,0.00,15.38
11/10/1994,6.32,2.25,7.44,15.38,0.00,0.00,0.80,0.00,14.30
12/10/1994,5.89,2.56,6.71,14.30,0.00,0.00,0.80,0.80,13.35
13/10/1994,5.55,2.62,6.11,13.35,0.00,0.00,0.00,0.80,12.78
14/10/1994,5.26,2.60,5.82,12.78,0.00,0.00,0.80,0.00,12.13
15/10/1994,5.10,2.59,5.55,12.13,0.00,0.00,0.00,0.00,11.81
16/10/1994,4.97,2.57,5.36,11.81,1.60,3.20,1.60,3.20,11.44
17/10/1994,4.91,2.54,5.37,11.44,4.00,4.80,4.00,4.00,11.74
18/10/1994,5.09,2.52,5.65,11.74,0.00,0.00,0.00,0.00,11.67
19/10/1994,4.90,2.48,5.52,11.67,0.00,0.00,0.00,0.00,12.37
20/10/1994,5.06,2.57,5.58,12.37,8.80,13.60,6.40,10.40,20.34
21/10/1994,9.96,4.03,10.72,20.34,30.40,33.60,20.00,9.60,38.84
22/10/1994,18.20,4.25,16.39,38.84,8.80,0.80,16.80,4.00,41.47
23/10/1994,17.50,4.68,28.09,41.47,16.00,27.20,54.40,16.80,100.90
24/10/1994,67.40,13.08,59.86,100.90,22.40,25.60,87.20,26.40,82.47
25/10/1994,38.20,6.42,29.31,82.47,0.00,0.00,27.20,8.00,57.03
26/10/1994,19.70,10.76,27.90,57.03,14.40,28.80,67.20,28.80,63.62
27/10/1994,21.00,10.94,34.52,63.62,0.00,0.00,6.40,5.60,50.23
28/10/1994,16.00,7.68,24.17,50.23,0.80,0.00,40.00,26.40,40.80
29/10/1994,12.90,5.26,21.28,40.80,2.40,0.00,29.60,7.20,33.32
30/10/1994,11.30,4.67,16.06,33.32,0.00,1.60,6.40,3.20,30.45
31/10/1994,10.70,6.15,14.75,30.45,14.40,7.20,29.60,12.80,55.25
01/11/1994,23.60,10.35,43.48,55.25,12.80,0.00,55.60,31.60,82.34
02/11/1994,24.70,14.28,38.61,82.34,0.80,0.00,5.60,0.80,52.20
03/11/1994,14.10,12.39,19.45,52.20,0.00,0.00,0.00,0.00,43.76
04/11/1994,13.40,13.09,24.24,43.76,16.00,28.00,40.80,28.00,63.13
05/11/1994,23.50,11.82,29.84,63.13,1.60,12.80,4.00,0.80,108.20
06/11/1994,50.40,31.41,55.71,108.20,20.00,48.80,56.80,30.40,108.40
07/11/1994,45.00,16.92,33.34,108.40,0.00,0.00,0.00,0.00,62.52
08/11/1994,21.30,10.70,21.67,62.52,0.00,0.00,6.40,0.00,45.96
09/11/1994,16.10,8.93,17.12,45.96,7.20,0.80,41.60,8.00,56.48
10/11/1994,17.80,15.71,35.34,56.48,15.20,4.00,51.20,16.00,79.89
11/11/1994,24.70,20.25,35.25,79.89,2.40,0.00,3.20,6.40,65.09
12/11/1994,20.30,14.25,25.90,65.09,2.40,0.00,4.00,3.20,66.21
13/11/1994,25.70,19.02,43.93,66.21,24.80,29.60,67.20,25.60,129.30
14/11/1994,63.40,21.64,86.32,129.30,20.80,2.40,100.80,99.20,229.80
15/11/1994,107.00,36.51,134.36,229.80,27.20,4.00,76.80,55.20,196.10
16/11/1994,79.40,34.49,81.60,196.10,20.00,0.80,24.80,20.00,138.50
17/11/1994,43.70,21.93,51.65,138.50,6.40,1.60,15.20,19.20,90.63
18/11/1994,28.20,17.98,40.50,90.63,12.80,0.00,45.60,20.80,87.73
19/11/1994,30.10,17.62,42.89,87.73,18.40,31.20,30.40,14.40,129.90
20/11/1994,59.90,25.74,75.82,129.90,12.80,0.80,32.80,21.60,162.60
21/11/1994,66.30,37.63,65.73,162.60,7.20,15.20,57.60,19.20,126.00
22/11/1994,44.30,23.69,37.81,126.00,0.00,0.00,0.00,0.00,79.39
23/11/1994,24.70,16.42,27.12,79.39,0.00,0.00,0.80,2.40,58.40
24/11/1994,19.80,11.02,22.29,58.40,3.20,0.00,2.40,2.40,49.85
25/11/1994,17.50,9.14,19.50,49.85,0.00,0.00,1.60,0.80,44.41
26/11/1994,15.80,8.32,17.00,44.41,0.00,0.00,4.80,0.00,39.81
27/11/1994,14.20,7.90,15.17,39.81,0.00,0.00,21.60,0.80,36.81
28/11/1994,13.10,7.04,13.95,36.81,0.00,0.00,0.80,0.00,32.22
29/11/1994,12.00,5.19,12.64,32.22,0.00,0.00,0.00,0.00,29.67
30/11/1994,11.20,4.88,11.58,29.67,0.00,0.00,0.80,0.00,27.54
01/12/1994,10.60,4.72,10.66,27.54,0.00,0.00,0.00,0.00,26.45
02/12/1994,10.10,4.55,10.09,26.45,0.00,0.00,0.80,0.00,24.38
03/12/1994,9.71,4.47,9.59,24.38,0.00,0.00,0.80,0.00,23.95
04/12/1994,10.60,5.91,16.16,23.95,23.20,14.40,16.00,31.20,90.54
05/12/1994,49.00,20.44,63.81,90.54,26.40,44.80,69.60,35.20,151.70
06/12/1994,70.40,19.58,61.50,151.70,10.40,16.80,36.80,15.20,137.30
07/12/1994,60.20,16.05,55.21,137.30,1.60,0.00,22.40,5.60,140.40
08/12/1994,63.30,18.54,78.05,140.40,14.40,26.00,32.00,24.00,177.80
09/12/1994,86.00,23.05,101.16,177.80,18.40,28.00,51.20,36.00,156.30
10/12/1994,62.90,19.19,49.47,156.30,4.80,0.00,0.00,6.40,131.10
11/12/1994,45.50,26.02,88.91,131.10,11.20,7.20,76.80,57.60,173.50
12/12/1994,72.60,29.09,86.03,173.50,16.80,0.00,4.80,31.20,196.30
13/12/1994,94.00,23.22,101.68,196.30,3.20,0.00,38.40,21.60,156.10
14/12/1994,59.90,25.87,67.64,156.10,18.40,46.40,38.40,21.60,152.10
15/12/1994,66.30,25.18,48.40,152.10,0.00,0.00,0.00,0.00,98.55
16/12/1994,35.70,17.52,33.04,98.55,0.80,0.00,12.00,7.20,82.78
17/12/1994,30.90,15.66,35.51,82.78,0.00,0.00,2.40,0.80,73.66
18/12/1994,24.50,14.71,39.21,73.66,16.80,14.40,41.20,50.40,136.00
19/12/1994,57.60,19.29,73.75,136.00,23.20,8.00,17.60,20.80,122.00
20/12/1994,46.70,20.16,51.45,122.00,1.60,1.60,8.00,3.20,87.13
21/12/1994,30.30,13.13,32.98,87.13,0.00,0.00,0.00,0.00,63.21
22/12/1994,21.60,10.92,24.58,63.21,0.00,0.00,0.00,0.00,51.71
23/12/1994,17.90,9.45,19.74,51.71,0.00,0.00,0.80,0.00,44.81
24/12/1994,15.80,8.70,16.76,44.81,0.00,0.00,0.00,0.00,41.37
25/12/1994,15.40,8.31,16.06,41.37,0.00,0.00,10.40,6.40,49.17
26/12/1994,19.00,8.89,24.33,49.17,4.80,0.80,27.20,18.40,71.25
27/12/1994,27.00,11.61,59.03,71.25,40.00,16.80,66.40,55.20,154.40
28/12/1994,66.70,24.38,67.55,154.40,13.60,27.20,47.20,25.60,212.50
29/12/1994,103.00,44.52,163.69,212.50,51.20,17.20,130.80,139.20,319.10
30/12/1994,185.00,60.85,189.72,319.10,8.00,6.40,17.60,5.60,309.10
31/12/1994,142.00,57.85,105.24,309.10,8.00,0.00,0.00,0.00,254.10
01/01/1995,103.00,47.38,84.54,254.10,6.40,0.00,0.00,0.00,181.20
02/01/1995,61.60,27.86,44.17,181.20,0.80,0.00,4.00,1.60,111.00
03/01/1995,34.80,17.79,30.17,111.00,0.00,0.00,2.40,0.00,75.25
04/01/1995,23.90,15.10,24.70,75.25,0.00,0.00,0.00,0.00,63.81
05/01/1995,20.70,14.13,22.22,63.81,4.00,0.80,28.80,6.40,109.10
06/01/1995,44.30,20.45,81.72,109.10,7.20,17.60,72.00,38.40,153.90
07/01/1995,62.60,20.07,57.87,153.90,0.00,0.00,0.00,0.00,97.96
08/01/1995,32.70,16.65,34.94,97.96,0.00,0.00,32.00,4.00,90.79
09/01/1995,34.20,15.99,43.26,90.79,4.80,0.00,19.20,12.00,86.84
10/01/1995,29.00,15.04,47.68,86.84,6.40,0.00,68.00,36.80,106.00
11/01/1995,34.00,16.01,65.54,106.00,23.20,34.40,77.60,39.20,138.40
12/01/1995,62.90,17.34,53.08,138.40,0.00,0.00,0.00,0.00,83.90
13/01/1995,29.50,11.26,28.90,83.90,0.00,0.00,0.00,3.20,60.60
14/01/1995,21.90,10.32,23.57,60.60,0.00,0.00,31.20,8.80,59.33
15/01/1995,21.10,11.26,28.00,59.33,4.00,0.00,12.00,16.80,70.24
16/01/1995,24.90,11.46,33.23,70.24,0.00,0.00,4.00,9.60,63.19
17/01/1995,22.50,10.15,26.41,63.19,6.40,12.00,12.00,17.60,71.23
18/01/1995,33.00,12.42,40.98,71.23,24.80,33.60,40.00,13.60,127.50
19/01/1995,64.90,16.10,46.25,127.50,2.40,0.00,0.80,1.60,91.41
20/01/1995,39.10,13.40,34.80,91.41,24.00,17.60,12.00,12.80,108.30
21/01/1995,49.00,16.43,46.51,108.30,19.20,13.60,17.60,16.80,125.20
22/01/1995,58.90,19.56,81.69,125.20,50.40,35.20,52.80,40.80,203.60
23/01/1995,103.00,31.91,74.70,203.60,2.40,5.60,13.60,17.60,159.70
24/01/1995,64.50,24.87,70.27,159.70,24.80,1.60,45.60,27.20,151.90
25/01/1995,60.00,22.31,60.92,151.90,1.60,0.00,12.00,4.80,112.00
26/01/1995,41.80,18.54,42.45,112.00,18.40,31.20,0.00,6.40,119.40
27/01/1995,60.10,22.31,34.98,119.40,19.20,45.60,19.20,15.20,114.30
28/01/1995,50.60,18.78,29.41,114.30,24.80,24.00,0.00,38.40,182.40
29/01/1995,88.60,48.08,142.40,182.40,13.60,0.00,38.80,26.40,319.60
30/01/1995,162.00,71.24,127.18,319.60,6.40,0.00,26.40,4.00,261.90
31/01/1995,97.80,51.51,62.92,261.90,0.00,0.00,0.00,0.00,272.80
01/02/1995,139.00,66.90,301.60,272.80,121.60,36.80,252.00,268.80,448.10
02/02/1995,220.00,74.03,374.06,448.10,3.20,0.00,3.20,5.60,362.30
03/02/1995,171.00,54.00,78.92,362.30,0.00,0.00,0.00,0.80,266.00
04/02/1995,103.00,38.67,66.93,266.00,6.40,0.00,8.80,17.60,220.70
05/02/1995,75.50,29.60,48.79,220.70,0.00,0.00,0.80,0.80,160.60
06/02/1995,46.30,21.12,38.24,160.60,0.00,0.00,2.40,2.40,107.30
07/02/1995,36.50,16.89,34.73,107.30,0.00,0.00,4.80,0.80,85.22
08/02/1995,29.80,15.55,31.03,85.22,4.00,9.60,27.20,10.40,89.57
09/02/1995,31.10,16.81,35.05,89.57,2.40,2.40,1.60,8.00,76.91
10/02/1995,26.40,11.96,27.86,76.91,0.00,0.00,0.00,0.80,79.76
11/02/1995,31.20,15.08,29.43,79.76,12.80,22.40,0.00,8.00,136.70
12/02/1995,65.00,31.50,108.58,136.70,15.60,15.20,108.40,80.80,265.20
13/02/1995,136.00,41.91,110.53,265.20,18.40,0.00,36.80,34.40,222.30
14/02/1995,91.30,32.94,95.98,222.30,7.20,15.20,55.20,16.80,182.60
15/02/1995,71.30,25.78,67.66,182.60,12.80,5.60,18.40,25.60,168.20
16/02/1995,79.40,22.55,80.03,168.20,43.20,16.00,30.40,16.80,203.70
17/02/1995,103.00,33.32,97.25,203.70,12.80,7.20,43.20,28.00,210.30
18/02/1995,78.70,44.95,76.54,210.30,8.80,0.00,64.80,19.20,156.80
19/02/1995,50.50,27.79,61.68,156.80,24.00,0.00,80.80,57.60,191.20
20/02/1995,83.50,29.26,102.52,191.20,8.00,0.80,22.40,12.00,154.70
21/02/1995,56.50,24.65,68.90,154.70,24.80,0.80,36.00,32.80,159.10
22/02/1995,67.90,22.38,69.52,159.10,5.60,0.00,20.80,16.80,190.70
23/02/1995,96.90,40.16,167.89,190.70,87.20,37.60,117.60,93.60,308.40
24/02/1995,163.00,55.18,114.74,308.40,13.60,1.60,17.60,8.80,226.00
25/02/1995,80.90,33.25,63.25,226.00,0.00,0.00,4.80,3.20,139.20
26/02/1995,45.30,19.53,45.05,139.20,0.00,0.00,1.60,0.00,93.19
27/02/1995,32.30,14.77,34.86,93.19,0.00,0.00,0.00,0.00,74.32
28/02/1995,26.90,11.59,34.70,74.32,2.40,0.00,50.40,8.80,93.91
01/03/1995,44.60,11.56,52.11,93.91,19.20,15.06,46.40,47.20,174.00
02/03/1995,80.60,19.10,100.76,174.00,17.60,30.13,51.20,21.60,121.70
03/03/1995,38.90,16.88,45.94,121.70,2.40,0.00,16.80,14.40,85.82
04/03/1995,26.50,14.87,34.54,85.82,0.00,0.00,19.20,1.60,70.17
05/03/1995,22.20,12.71,28.87,70.17,14.40,5.60,4.00,8.00,80.91
06/03/1995,25.80,18.21,48.11,80.91,16.00,1.60,18.80,21.60,99.76
07/03/1995,33.80,15.48,42.81,99.76,0.80,0.00,8.80,0.80,74.98
08/03/1995,24.20,12.36,32.93,74.98,6.40,6.40,13.60,6.40,65.88
09/03/1995,22.00,12.14,28.63,65.88,4.80,4.00,23.20,17.60,61.27
10/03/1995,20.90,11.63,26.76,61.27,1.60,0.00,9.60,4.00,71.17
11/03/1995,24.90,10.34,47.88,71.17,0.00,0.00,0.00,0.00,116.10
12/03/1995,52.00,8.59,76.35,116.10,7.20,14.40,42.40,16.80,111.30
13/03/1995,42.40,10.98,43.54,111.30,0.00,0.00,0.00,0.00,71.55
14/03/1995,24.70,9.07,31.56,71.55,0.00,0.00,0.00,0.00,62.09
15/03/1995,23.80,7.74,30.72,62.09,4.00,7.20,11.20,1.60,58.38
16/03/1995,21.60,7.84,25.61,58.38,0.80,0.00,8.80,7.20,49.53
17/03/1995,17.80,7.57,21.17,49.53,11.20,0.00,26.40,14.40,61.78
18/03/1995,29.20,9.94,39.00,61.78,31.20,24.80,38.40,28.80,93.22
19/03/1995,35.80,14.66,46.10,93.22,15.20,0.00,11.20,6.40,80.60
20/03/1995,32.40,10.11,33.85,80.60,0.00,0.00,12.00,0.00,57.90
21/03/1995,21.40,7.47,24.75,57.90,0.00,0.00,0.00,0.00,46.13
22/03/1995,17.40,6.09,19.97,46.13,0.00,0.00,0.00,0.00,40.86
23/03/1995,15.90,5.62,17.45,40.86,0.00,0.00,0.00,0.00,40.86
24/03/1995,18.30,4.93,17.96,40.86,0.00,0.00,0.80,0.80,40.43
25/03/1995,17.10,4.95,17.21,40.43,13.60,0.00,42.40,30.40,64.58
26/03/1995,24.60,5.87,43.23,64.58,18.40,0.80,46.40,22.40,62.84
27/03/1995,22.70,5.98,43.72,62.84,26.40,18.40,108.00,64.00,102.40
28/03/1995,41.90,8.93,56.01,102.40,1.60,4.00,2.40,2.40,64.95
29/03/1995,21.60,7.21,27.07,64.95,16.00,23.20,29.60,8.00,50.25
30/03/1995,19.40,6.45,20.71,50.25,0.00,0.00,0.80,0.00,52.39
31/03/1995,24.80,7.50,26.17,52.39,11.20,15.20,12.00,4.80,76.74
01/04/1995,38.00,8.79,33.02,76.74,3.20,0.00,96.00,12.80,62.72
02/04/1995,23.10,7.27,29.33,62.72,0.00,0.00,29.60,4.80,49.50
03/04/1995,18.50,6.18,21.34,49.50,0.00,0.00,0.00,0.00,40.47
04/04/1995,15.90,5.44,16.64,40.47,0.00,0.00,3.20,0.80,35.43
05/04/1995,14.20,4.75,14.22,35.43,2.40,7.20,4.80,11.20,31.70
06/04/1995,13.20,4.35,12.95,31.70,0.00,0.00,2.40,2.40,29.57
07/04/1995,12.30,4.03,12.20,29.57,0.00,0.00,0.80,0.00,27.77
08/04/1995,11.60,3.95,11.43,27.77,0.00,0.00,1.60,0.00,25.67
09/04/1995,10.70,3.74,10.32,25.67,0.00,0.00,0.00,0.00,24.25
10/04/1995,10.40,3.61,9.85,24.25,0.80,2.40,0.80,2.40,23.77
11/04/1995,10.20,3.60,9.42,23.77,0.00,0.00,0.80,0.00,22.66
12/04/1995,9.70,3.50,9.01,22.66,0.00,0.00,0.00,0.00,21.52
13/04/1995,9.17,3.37,8.45,21.52,0.00,0.00,0.00,0.00,19.85
14/04/1995,8.75,3.17,8.10,19.85,0.00,0.00,0.00,0.00,19.57
15/04/1995,8.58,3.45,7.79,19.57,0.00,0.00,0.00,0.00,19.38
16/04/1995,8.45,3.48,7.57,19.38,0.00,0.00,0.00,0.80,18.88
17/04/1995,8.33,3.44,7.40,18.88,0.00,0.00,0.00,0.00,18.71
18/04/1995,8.32,3.47,7.34,18.71,9.60,2.40,63.20,16.80,19.71
19/04/1995,8.79,3.78,7.79,19.71,11.20,12.80,8.00,7.20,19.71
20/04/1995,8.75,3.47,8.09,19.71,0.00,1.60,17.60,11.20,19.44
21/04/1995,8.66,3.48,7.42,19.44,0.00,17.20,2.40,1.60,19.19
22/04/1995,8.47,3.32,7.30,19.19,0.00,0.80,7.20,3.20,19.12
23/04/1995,8.29,4.04,8.18,19.12,49.60,18.40,27.20,16.00,32.45
24/04/1995,17.70,4.67,15.90,32.45,0.00,0.00,0.00,0.00,33.44
25/04/1995,15.30,3.57,11.20,33.44,8.80,14.40,10.40,6.40,27.08
26/04/1995,12.90,3.32,9.55,27.08,0.00,0.00,0.00,0.00,22.33
27/04/1995,10.20,3.06,8.04,22.33,0.00,0.00,0.00,0.00,19.38
28/04/1995,8.94,2.96,7.13,19.38,0.00,0.00,0.00,0.00,17.92
29/04/1995,8.26,2.91,6.65,17.92,0.00,0.00,0.00,0.00,16.98
30/04/1995,7.83,2.86,6.21,16.98,0.00,0.00,0.00,0.00,16.26
01/05/1995,7.57,2.81,6.04,16.26,0.00,0.00,0.00,0.00,15.72
02/05/1995,7.37,2.79,5.85,15.72,0.00,0.00,0.00,4.00,14.89
03/05/1995,7.15,2.58,5.71,14.89,0.00,0.00,0.00,0.00,13.56
04/05/1995,6.93,2.43,5.50,13.56,0.00,0.00,4.00,0.00,12.56
05/05/1995,6.73,2.44,5.35,12.56,0.00,0.00,0.00,0.00,11.91
06/05/1995,6.56,2.38,5.00,11.91,0.00,0.00,0.00,0.00,11.54
07/05/1995,6.69,2.36,4.79,11.54,0.00,0.00,0.00,0.00,11.73
08/05/1995,6.60,2.33,4.73,11.73,0.00,0.00,0.00,0.00,12.30
09/05/1995,6.46,2.31,4.69,12.30,11.20,7.20,0.00,4.80,12.14
10/05/1995,6.40,2.30,4.60,12.14,0.80,2.40,0.00,0.00,12.12
11/05/1995,6.47,2.28,4.55,12.12,4.00,6.40,0.00,0.00,12.01
12/05/1995,6.39,2.28,4.42,12.01,0.00,1.60,0.00,0.00,11.82
13/05/1995,6.28,2.28,4.39,11.82,0.00,0.00,0.00,0.00,11.50
14/05/1995,6.14,2.21,4.37,11.50,0.00,0.00,0.80,0.00,11.20
15/05/1995,6.02,2.20,4.38,11.20,8.00,4.00,37.60,4.00,11.47
16/05/1995,6.02,2.25,4.39,11.47,0.00,0.00,0.00,0.80,12.04
17/05/1995,6.15,2.33,4.73,12.04,15.20,8.80,28.00,17.60,14.42
18/05/1995,7.59,3.71,5.49,14.42,13.60,18.40,22.40,13.60,14.61
19/05/1995,7.65,2.72,5.47,14.61,2.40,0.00,12.00,12.80,13.72
20/05/1995,7.51,2.41,5.43,13.72,1.60,0.00,0.80,0.00,13.68
21/05/1995,7.38,2.32,5.40,13.68,0.00,0.00,6.40,3.20,12.64
22/05/1995,6.36,2.28,4.99,12.64,0.00,0.00,0.00,0.00,12.27
23/05/1995,6.00,2.22,4.69,12.27,0.00,0.00,1.60,0.80,11.81
24/05/1995,5.79,2.18,4.63,11.81,0.00,0.00,0.00,0.00,12.16
25/05/1995,6.07,2.67,5.41,12.16,17.60,23.20,37.60,25.60,17.40
26/05/1995,9.55,3.72,6.44,17.40,0.80,4.80,0.00,0.80,17.25
27/05/1995,8.81,2.50,5.97,17.25,0.80,0.00,13.60,1.60,14.84
28/05/1995,7.17,2.53,5.55,14.84,16.00,6.40,47.20,27.20,16.49
29/05/1995,7.82,3.03,8.65,16.49,3.20,28.40,25.60,13.60,21.29
30/05/1995,9.57,2.44,10.00,21.29,14.40,6.40,35.20,10.40,18.77
31/05/1995,7.71,2.41,9.04,18.77,0.00,0.00,0.00,3.20,17.06
01/06/1995,7.15,2.23,7.55,17.06,0.00,0.00,0.00,0.00,14.69
02/06/1995,6.39,2.11,6.24,14.69,0.00,2.40,6.40,4.00,13.33
03/06/1995,5.96,2.03,5.59,13.33,1.60,4.80,0.80,1.60,12.12
04/06/1995,5.92,2.24,5.58,12.12,4.80,4.00,38.40,19.20,12.06
05/06/1995,6.19,2.19,5.52,12.06,9.60,23.20,7.20,5.60,14.73
06/06/1995,6.11,2.04,7.43,14.73,0.00,0.00,4.00,0.00,13.59
07/06/1995,5.68,2.00,6.13,13.59,1.60,0.80,8.00,3.20,12.16
08/06/1995,5.45,1.96,5.36,12.16,6.40,6.40,2.40,0.00,11.54
09/06/1995,5.38,1.98,5.04,11.54,0.80,0.00,0.00,0.00,10.68
10/06/1995,5.07,1.87,4.55,10.68,0.00,0.00,0.00,0.00,10.16
11/06/1995,4.94,1.87,4.40,10.16,1.60,0.80,0.80,0.00,10.48
12/06/1995,5.09,2.05,4.42,10.48,1.60,4.80,0.00,0.00,10.31
13/06/1995,5.08,1.91,4.26,10.31,4.00,3.20,0.00,0.80,10.09
14/06/1995,4.90,1.84,4.25,10.09,0.00,0.80,0.00,0.00,9.71
15/06/1995,4.70,1.82,4.11,9.71,0.00,0.00,0.80,0.00,9.33
16/06/1995,4.42,1.79,3.99,9.33,0.00,0.00,0.00,0.00,8.95
17/06/1995,4.35,1.78,3.88,8.95,3.20,8.00,4.80,3.20,9.01
18/06/1995,4.41,1.80,3.90,9.01,1.60,3.20,25.60,12.00,8.96
19/06/1995,4.63,1.79,3.86,8.96,0.00,0.00,0.00,0.00,8.94
20/06/1995,4.45,1.76,4.03,8.94,2.40,0.00,18.40,22.40,8.59
21/06/1995,4.25,1.71,4.84,8.59,0.80,0.00,4.80,9.60,12.80
22/06/1995,5.19,1.67,8.06,12.80,0.00,0.00,0.00,0.00,11.43
23/06/1995,4.89,1.60,5.47,11.43,0.00,0.00,0.00,0.00,9.52
24/06/1995,4.27,1.60,4.40,9.52,0.00,0.00,0.00,0.00,8.45
25/06/1995,3.99,1.62,3.95,8.45,0.00,0.00,0.00,0.00,8.22
26/06/1995,3.97,1.64,3.88,8.22,0.00,0.00,0.00,0.00,8.24
27/06/1995,4.10,1.64,3.71,8.24,0.00,0.00,0.00,0.00,7.90
28/06/1995,3.86,1.57,3.55,7.90,0.00,0.00,0.00,0.00,7.30
29/06/1995,3.62,1.56,3.45,7.30,0.00,0.00,0.00,0.00,6.60
30/06/1995,3.48,1.55,3.28,6.60,0.00,0.00,0.00,0.00,6.59
01/07/1995,3.39,1.46,3.09,6.59,0.00,0.00,0.00,0.00,6.52
02/07/1995,3.32,1.31,3.03,6.52,0.00,0.00,0.00,0.00,6.62
03/07/1995,3.38,1.32,3.06,6.62,0.00,0.00,0.00,0.00,6.52
04/07/1995,3.40,1.34,3.04,6.52,0.00,0.00,4.80,0.00,6.49
05/07/1995,3.45,1.32,3.08,6.49,0.00,0.00,5.60,0.00,6.48
06/07/1995,3.41,1.32,3.05,6.48,0.00,0.80,0.00,0.00,6.43
07/07/1995,3.60,1.34,3.07,6.43,0.00,0.00,2.40,4.80,6.25
08/07/1995,3.45,1.34,3.07,6.25,3.20,0.00,12.00,12.00,6.16
09/07/1995,3.58,1.30,3.65,6.16,0.00,0.00,0.00,0.00,8.09
10/07/1995,4.19,1.25,4.30,8.09,0.00,0.00,0.00,0.00,7.29
11/07/1995,3.62,1.25,3.57,7.29,0.00,0.00,0.00,0.00,6.44
12/07/1995,3.48,1.29,3.38,6.44,3.20,15.20,0.00,0.00,6.50
13/07/1995,3.53,1.44,3.26,6.50,0.00,0.00,0.00,0.00,6.78
14/07/1995,3.83,1.40,3.82,6.78,0.00,13.60,0.00,0.00,8.68
15/07/1995,5.01,1.47,3.85,8.68,1.60,10.80,0.00,0.00,8.09
16/07/1995,4.02,1.55,3.42,8.09,0.80,3.20,0.00,0.80,7.02
17/07/1995,3.71,1.37,3.23,7.02,0.00,0.00,0.00,0.80,6.69
18/07/1995,3.69,1.47,3.18,6.69,15.20,17.60,11.20,0.80,7.74
19/07/1995,3.90,1.56,4.70,7.74,2.40,0.80,76.00,0.80,9.99
20/07/1995,3.79,1.38,7.39,9.99,0.00,0.00,4.80,0.80,9.03
21/07/1995,3.83,1.27,5.14,9.03,0.80,0.00,0.80,1.60,7.94
22/07/1995,3.78,1.47,4.09,7.94,2.40,5.60,13.60,4.80,7.09
23/07/1995,3.40,1.28,3.57,7.09,0.00,0.00,0.00,0.00,6.71
24/07/1995,3.31,1.19,3.56,6.71,1.60,0.00,8.00,4.00,6.38
25/07/1995,3.30,1.21,3.37,6.38,0.00,0.00,4.00,0.00,5.95
26/07/1995,3.20,1.20,3.18,5.95,0.00,0.00,0.00,0.00,5.62
27/07/1995,3.16,1.20,3.09,5.62,0.80,1.60,0.00,0.00,5.54
28/07/1995,3.13,1.19,2.99,5.54,0.00,0.00,0.00,0.00,5.41
29/07/1995,3.06,1.16,2.86,5.41,0.00,0.00,0.00,0.00,5.29
30/07/1995,2.78,1.14,2.72,5.29,0.00,0.00,0.00,0.00,5.20
31/07/1995,2.66,1.12,2.59,5.20,0.00,0.00,8.80,9.60,5.05
01/08/1995,2.55,1.12,2.96,5.05,0.00,0.00,0.00,0.80,5.49
02/08/1995,2.66,1.10,3.04,5.49,0.00,0.00,0.00,0.00,5.23
03/08/1995,2.62,1.10,2.81,5.23,0.00,0.00,0.00,0.00,4.81
04/08/1995,2.43,1.07,2.54,4.81,0.00,0.00,4.00,0.00,4.43
05/08/1995,2.43,1.06,2.40,4.43,0.00,0.00,0.00,0.00,4.58
06/08/1995,2.43,1.08,2.39,4.58,0.00,0.00,0.00,0.00,4.61
07/08/1995,2.45,1.10,2.36,4.61,0.00,0.00,0.00,0.00,4.60
08/08/1995,2.51,1.07,2.31,4.60,0.00,0.00,0.00,0.00,4.70
09/08/1995,2.40,1.08,2.29,4.70,0.00,0.00,0.00,0.00,4.58
10/08/1995,2.36,1.07,2.30,4.58,0.00,0.00,0.00,0.00,4.26
11/08/1995,2.34,1.08,2.25,4.26,0.00,0.00,0.00,0.00,4.15
12/08/1995,2.37,1.09,2.19,4.15,0.00,0.00,0.00,0.00,4.15
13/08/1995,2.50,1.10,2.27,4.15,3.20,8.80,43.20,6.40,4.45
14/08/1995,2.59,1.12,2.23,4.45,0.00,0.00,0.00,0.00,4.38
15/08/1995,2.51,1.07,2.21,4.38,0.00,0.00,0.00,0.00,4.20
16/08/1995,2.44,1.06,2.16,4.20,0.00,0.00,0.00,0.00,4.08
17/08/1995,2.41,1.04,2.16,4.08,0.00,0.00,0.80,0.00,3.86
18/08/1995,2.37,1.04,2.12,3.86,0.00,0.00,0.00,0.00,4.12
19/08/1995,2.34,1.03,2.10,4.12,0.00,0.00,0.00,0.00,4.18
20/08/1995,2.35,1.04,2.13,4.18,0.00,0.00,0.00,0.00,4.01
21/08/1995,2.39,1.02,2.17,4.01,0.00,0.00,0.00,0.00,3.97
22/08/1995,2.27,1.02,2.09,3.97,0.00,0.00,0.00,0.00,4.14
23/08/1995,2.13,1.00,2.04,4.14,0.00,0.00,0.00,0.00,3.69
24/08/1995,2.08,1.04,2.02,3.69,2.40,0.00,2.40,2.40,3.76
25/08/1995,2.06,1.00,2.00,3.76,0.80,0.00,29.60,7.20,3.75
26/08/1995,2.11,1.02,1.95,3.75,0.80,0.80,0.00,0.80,4.25
27/08/1995,2.17,1.06,2.10,4.25,1.60,0.80,11.20,3.20,4.55
28/08/1995,2.38,1.10,2.11,4.55,0.00,0.00,8.00,5.60,4.55
29/08/1995,2.23,1.06,2.11,4.55,0.00,0.00,0.00,0.00,4.43
30/08/1995,2.19,1.04,2.20,4.43,0.80,0.00,4.80,4.00,4.62
31/08/1995,2.24,1.04,2.26,4.62,0.00,0.00,0.00,0.00,4.63
01/09/1995,2.26,1.10,2.29,4.63,0.00,0.00,0.00,0.00,4.69
02/09/1995,2.27,1.11,2.31,4.69,0.80,0.00,0.80,0.00,4.77
03/09/1995,2.40,1.18,2.30,4.77,0.00,11.20,16.80,4.00,4.94
04/09/1995,2.55,1.16,2.31,4.94,17.60,25.60,12.80,7.20,5.22
05/09/1995,2.88,1.17,2.45,5.22,0.00,0.00,4.80,0.00,5.34
06/09/1995,2.72,1.14,2.41,5.34,0.80,0.00,0.00,2.40,5.25
07/09/1995,2.66,1.14,2.38,5.25,4.80,3.20,3.20,0.80,8.92
08/09/1995,5.09,3.54,3.65,8.92,35.20,71.20,47.20,24.80,22.79
09/09/1995,9.26,9.59,5.91,22.79,4.80,24.80,0.80,1.60,20.01
10/09/1995,7.62,3.83,5.59,20.01,0.00,52.80,0.00,0.00,11.31
11/09/1995,5.51,1.91,3.88,11.31,28.00,10.00,46.40,25.60,15.12
12/09/1995,8.24,3.87,4.58,15.12,5.60,69.60,5.60,27.20,18.72
13/09/1995,8.44,2.33,6.84,18.72,5.60,0.00,1.60,0.80,14.16
14/09/1995,5.69,1.91,5.14,14.16,0.00,0.00,7.20,0.00,10.98
15/09/1995,4.82,1.64,4.15,10.98,0.00,0.00,0.00,0.00,9.33
16/09/1995,4.18,1.48,3.77,9.33,0.00,0.00,0.00,0.00,8.33
17/09/1995,3.73,1.38,3.41,8.33,0.00,0.00,0.00,0.00,7.61
18/09/1995,3.60,1.32,3.22,7.61,2.40,9.60,11.60,0.00,7.52
19/09/1995,3.67,1.34,3.18,7.52,0.00,0.00,0.00,4.00,7.27
20/09/1995,3.39,1.32,3.10,7.27,0.80,0.00,0.00,0.00,6.84
21/09/1995,3.20,1.30,2.99,6.84,0.00,0.00,0.00,0.00,6.59
22/09/1995,3.10,1.27,2.88,6.59,0.00,0.00,0.00,0.00,6.28
23/09/1995,3.04,1.29,2.77,6.28,1.60,0.00,2.40,1.60,6.04
24/09/1995,2.93,1.27,2.69,6.04,1.60,0.00,6.40,15.20,6.28
25/09/1995,3.00,1.34,5.03,6.28,16.80,12.00,43.20,51.60,13.20
26/09/1995,5.79,1.44,7.82,13.20,2.40,4.00,40.80,13.60,18.67
27/09/1995,5.62,2.73,15.25,18.67,0.00,0.00,18.40,2.40,17.88
28/09/1995,5.57,2.22,8.65,17.88,11.20,1.60,42.40,8.80,12.14
29/09/1995,4.32,1.70,6.86,12.14,0.00,0.00,15.20,2.40,10.73
30/09/1995,4.16,1.47,5.53,10.73,0.00,0.00,0.80,0.00,9.43
01/10/1995,3.71,1.45,4.72,9.43,1.60,0.00,20.00,7.20,8.58
02/10/1995,3.53,1.65,4.18,8.58,4.00,2.40,14.40,16.00,9.64
03/10/1995,3.66,1.52,6.43,9.64,5.60,6.40,6.40,4.00,11.20
04/10/1995,5.01,1.43,6.42,11.20,6.40,1.60,29.60,43.20,24.47
05/10/1995,9.34,1.43,25.34,24.47,6.40,12.00,15.20,12.80,31.62
06/10/1995,12.30,1.53,15.58,31.62,0.80,0.00,29.20,9.60,32.10
07/10/1995,15.50,1.72,32.47,32.10,26.40,6.40,53.60,46.40,56.63
08/10/1995,22.90,2.36,24.88,56.63,4.00,0.00,18.40,13.60,28.70
09/10/1995,10.30,1.79,15.64,28.70,0.80,0.00,0.00,0.00,20.15
10/10/1995,8.00,1.62,10.19,20.15,4.00,0.00,0.00,0.80,12.82
11/10/1995,5.82,1.50,7.30,12.82,1.60,0.00,0.00,0.00,11.69
12/10/1995,4.98,1.46,6.04,11.69,0.00,0.00,0.80,0.00,9.75
13/10/1995,4.50,1.47,5.18,9.75,0.00,0.00,4.00,0.80,9.05
14/10/1995,4.18,1.45,4.55,9.05,0.00,0.00,0.00,0.00,8.78
15/10/1995,3.91,1.45,4.17,8.78,0.00,0.00,0.00,0.00,8.09
16/10/1995,3.69,1.44,3.90,8.09,0.00,0.00,8.80,8.00,8.05
17/10/1995,3.52,1.42,3.93,8.05,0.00,0.00,0.00,0.80,8.66
18/10/1995,3.74,1.73,5.60,8.66,13.60,4.00,32.00,44.00,17.19
19/10/1995,5.67,1.55,13.41,17.19,0.80,0.00,0.00,0.00,14.48
20/10/1995,5.19,1.45,7.04,14.48,1.60,0.00,19.20,3.20,11.44
21/10/1995,4.34,1.46,7.19,11.44,0.80,2.40,6.40,0.80,12.02
22/10/1995,4.62,1.47,6.82,12.02,0.00,0.00,0.00,0.00,10.47
23/10/1995,4.01,1.42,5.42,10.47,0.00,0.00,0.00,9.60,9.25
24/10/1995,3.70,1.39,4.83,9.25,0.00,0.00,0.00,0.80,9.19
25/10/1995,3.85,1.42,5.05,9.19,12.00,20.00,17.60,0.00,13.35
26/10/1995,5.26,1.97,12.36,13.35,1.60,0.00,11.20,0.00,22.87
27/10/1995,9.27,1.59,12.17,22.87,1.60,0.00,16.80,0.00,15.78
28/10/1995,6.06,1.47,8.01,15.78,0.80,2.40,16.80,0.00,13.41
29/10/1995,5.19,1.42,7.62,13.41,0.00,0.00,0.80,0.00,11.75
30/10/1995,4.55,1.41,6.24,11.75,0.00,0.00,0.80,0.00,10.26
31/10/1995,4.12,1.40,5.36,10.26,0.00,0.00,0.80,0.00,9.34
01/11/1995,3.88,1.43,4.85,9.34,1.60,2.40,0.00,13.60,8.60
02/11/1995,3.66,1.35,4.49,8.60,0.00,0.00,0.00,0.00,8.09
03/11/1995,3.55,1.37,4.18,8.09,0.00,0.00,0.00,0.00,7.74
04/11/1995,3.48,1.35,3.94,7.74,0.00,0.00,0.00,0.00,7.14
05/11/1995,3.27,1.30,3.93,7.14,0.00,0.00,0.00,0.00,6.91
06/11/1995,3.21,1.28,3.73,6.91,0.00,0.00,0.00,0.00,6.76
07/11/1995,3.13,1.31,3.55,6.76,0.00,1.60,0.00,0.00,6.48
08/11/1995,3.10,1.34,3.53,6.48,0.00,11.20,0.00,0.80,6.40
09/11/1995,3.19,1.37,3.50,6.40,1.60,18.40,0.00,3.20,6.78
10/11/1995,3.31,1.51,3.52,6.78,1.60,7.20,0.00,1.60,7.23
11/11/1995,3.39,1.60,3.62,7.23,12.80,25.60,0.00,9.60,10.64
12/11/1995,5.50,2.81,14.23,10.64,44.80,56.00,0.00,40.00,59.55
13/11/1995,31.10,4.94,33.16,59.55,0.00,0.00,0.00,0.00,35.39
14/11/1995,11.90,2.44,13.65,35.39,0.00,0.00,0.00,0.00,20.00
15/11/1995,7.77,1.89,9.24,20.00,0.00,0.00,0.00,4.80,17.30
16/11/1995,7.29,2.08,10.70,17.30,36.80,56.00,0.00,61.60,76.99
17/11/1995,52.80,3.80,58.58,76.99,45.60,77.60,0.00,6.40,66.66
18/11/1995,27.40,3.00,21.62,66.66,0.80,21.60,0.00,0.00,31.58
19/11/1995,13.20,2.05,12.59,31.58,0.00,0.00,0.00,0.00,21.68
20/11/1995,9.66,1.77,9.36,21.68,0.00,0.00,0.00,0.00,18.17
21/11/1995,8.95,1.68,7.93,18.17,0.80,0.00,0.00,0.00,16.77
22/11/1995,8.10,1.68,7.17,16.77,15.20,9.60,0.00,20.80,20.67
23/11/1995,10.70,1.73,12.39,20.67,3.20,0.00,0.00,5.60,22.52
24/11/1995,9.56,1.72,11.40,22.52,8.00,0.00,0.00,12.80,37.03
25/11/1995,20.70,1.75,45.11,37.03,23.20,16.80,0.00,59.20,88.54
26/11/1995,36.00,2.33,42.93,88.54,2.40,1.60,0.00,3.20,45.18
27/11/1995,15.80,2.28,22.00,45.18,6.40,7.20,0.00,1.60,33.22
28/11/1995,13.30,2.23,15.47,33.22,6.40,3.20,0.00,3.20,25.97
29/11/1995,11.20,1.97,12.26,25.97,4.80,0.00,5.60,2.40,22.97
30/11/1995,10.20,1.90,10.69,22.97,0.80,0.80,3.20,0.80,21.25
01/12/1995,9.50,2.02,9.85,21.25,0.00,0.00,0.00,0.00,18.87
02/12/1995,8.31,1.99,8.34,18.87,0.80,0.00,1.60,0.00,16.80
03/12/1995,7.55,2.00,7.62,16.80,2.40,1.60,4.00,1.60,19.35
04/12/1995,9.34,3.30,8.99,19.35,11.20,56.00,30.40,10.40,38.07
05/12/1995,16.10,7.19,15.43,38.07,8.00,13.60,7.20,11.20,36.07
06/12/1995,15.00,3.87,12.33,36.07,1.60,4.80,0.00,0.00,27.62
07/12/1995,12.50,3.23,10.02,27.62,12.80,13.60,0.80,16.00,29.03
08/12/1995,13.50,3.84,10.00,29.03,2.40,0.80,0.80,4.00,26.62
09/12/1995,11.60,3.31,9.14,26.62,0.00,4.80,0.80,4.00,22.38
10/12/1995,9.78,2.82,8.25,22.38,12.00,0.00,21.60,1.60,25.32
11/12/1995,12.20,2.87,17.48,25.32,0.00,0.00,2.40,0.00,36.19
12/12/1995,14.60,3.05,16.24,36.19,0.80,0.00,0.00,0.00,25.58
13/12/1995,10.50,2.34,11.33,25.58,1.60,0.00,0.80,0.00,21.41
14/12/1995,9.30,2.13,9.82,21.41,7.20,8.00,0.80,0.00,20.00
15/12/1995,8.97,2.17,9.16,20.00,9.60,10.40,2.40,0.80,19.40
16/12/1995,9.20,2.18,8.60,19.40,1.60,0.00,3.20,1.60,19.10
17/12/1995,9.14,2.14,8.14,19.10,1.60,0.80,0.00,0.00,18.54
18/12/1995,9.37,2.11,7.68,18.54,0.00,0.00,0.00,0.00,17.29
19/12/1995,8.34,2.04,7.14,17.29,0.00,0.00,0.00,0.80,15.99
20/12/1995,7.66,2.15,6.62,15.99,0.80,3.20,0.00,2.40,15.33
21/12/1995,7.63,2.16,6.43,15.33,0.00,0.00,0.00,0.00,14.81
22/12/1995,7.06,2.13,6.07,14.81,0.00,0.80,0.00,2.40,35.64
23/12/1995,22.40,10.93,28.58,35.64,39.20,87.20,74.80,40.80,99.21
24/12/1995,57.80,10.53,35.35,99.21,8.80,26.40,1.60,1.60,63.44
25/12/1995,28.30,5.52,19.24,63.44,0.00,2.40,0.00,4.00,38.36
26/12/1995,16.90,3.97,13.23,38.36,0.00,0.00,0.00,0.00,25.95
27/12/1995,11.70,3.15,8.96,25.95,0.00,0.00,0.80,0.00,19.98
28/12/1995,11.20,2.51,9.15,19.98,0.00,0.00,0.80,0.00,16.57
29/12/1995,8.40,2.51,9.16,16.57,0.00,0.00,0.00,0.00,16.63
30/12/1995,8.99,2.51,9.18,16.63,0.00,0.00,0.00,0.00,15.82
31/12/1995,7.61,2.41,9.12,15.82,0.00,0.00,0.00,0.00,17.90
01/01/1996,8.34,3.01,7.56,17.90,0.00,7.20,2.40,0.00,18.88
02/01/1996,8.74,3.14,7.50,18.88,26.40,2.40,16.80,8.00,21.18
03/01/1996,10.20,3.42,9.15,21.18,8.00,0.00,0.00,0.80,22.95
04/01/1996,10.10,3.57,10.54,22.95,0.80,0.00,0.00,0.00,30.86
05/01/1996,15.30,3.90,17.17,30.86,11.20,5.60,16.00,8.00,48.28
06/01/1996,23.90,5.14,26.77,48.28,8.00,4.80,28.00,18.40,69.82
07/01/1996,34.50,7.98,32.61,69.82,8.00,4.80,4.80,2.40,87.50
08/01/1996,44.00,13.71,47.78,87.50,20.00,8.80,21.60,16.80,111.70
09/01/1996,53.70,14.28,57.16,111.70,18.40,20.80,63.20,24.00,128.90
10/01/1996,61.00,15.16,54.12,128.90,0.80,3.20,7.20,0.80,84.33
11/01/1996,32.40,10.55,30.09,84.33,0.80,0.00,2.80,0.80,58.66
12/01/1996,21.90,9.29,24.24,58.66,20.00,12.00,1.60,10.40,66.55
13/01/1996,30.50,11.39,30.11,66.55,8.00,1.60,12.00,6.40,101.40
14/01/1996,48.60,12.26,69.09,101.40,16.80,12.00,38.40,36.80,100.90
15/01/1996,40.10,9.85,39.24,100.90,1.60,0.00,24.00,0.80,61.25
16/01/1996,21.80,8.24,25.49,61.25,0.00,0.00,0.00,0.00,46.70
17/01/1996,17.20,7.60,19.15,46.70,0.80,0.00,0.00,0.00,39.46
18/01/1996,15.10,6.59,15.75,39.46,0.00,0.00,1.60,0.00,32.78
19/01/1996,13.70,4.04,13.59,32.78,0.00,0.00,0.00,0.00,29.13
20/01/1996,12.50,3.77,12.17,29.13,0.80,0.00,0.00,0.00,27.66
21/01/1996,12.10,3.83,11.75,27.66,3.20,0.00,4.80,3.20,27.16
22/01/1996,12.10,3.86,11.33,27.16,0.00,0.00,0.00,0.00,25.62
23/01/1996,11.20,3.60,10.39,25.62,5.60,0.00,0.80,0.00,23.95
24/01/1996,10.50,3.53,9.94,23.95,0.00,0.00,0.00,0.00,22.13
25/01/1996,9.78,3.29,9.03,22.13,0.00,0.00,0.00,0.00,20.28
26/01/1996,9.04,3.06,8.27,20.28,0.00,0.00,0.00,0.00,18.58
27/01/1996,8.38,2.97,7.51,18.58,0.00,8.00,0.00,0.00,18.11
28/01/1996,8.23,3.05,7.36,18.11,0.00,17.60,0.00,0.00,18.05
29/01/1996,8.27,3.15,7.12,18.05,0.00,0.00,0.00,0.00,18.26
30/01/1996,8.38,2.98,7.25,18.26,0.00,0.00,0.00,0.00,18.13
31/01/1996,8.59,3.06,7.01,18.13,0.00,0.00,0.00,0.00,19.88
01/02/1996,10.00,3.22,6.95,19.88,0.80,0.00,0.00,0.80,21.32
02/02/1996,10.30,3.35,6.84,21.32,0.00,0.00,0.00,1.60,21.32
03/02/1996,10.00,3.65,6.88,21.32,1.60,0.00,0.00,1.60,21.71
04/02/1996,11.10,3.79,7.00,21.71,8.00,10.40,0.00,0.00,25.15
05/02/1996,13.30,4.16,7.11,25.15,3.20,0.80,0.80,0.80,24.38
06/02/1996,11.90,3.65,7.00,24.38,0.00,0.00,0.00,0.00,21.76
07/02/1996,10.20,3.27,6.71,21.76,0.00,4.80,0.00,0.00,19.01
08/02/1996,9.04,3.01,6.58,19.01,0.00,0.80,0.00,0.00,17.25
09/02/1996,8.20,2.78,6.34,17.25,3.20,1.60,10.40,1.60,20.58
10/02/1996,12.70,3.00,7.58,20.58,0.00,37.60,12.00,14.40,60.62
11/02/1996,29.70,10.64,48.99,60.62,27.20,1.60,47.20,39.20,160.90
12/02/1996,82.20,19.01,98.64,160.90,14.40,0.00,26.40,8.00,220.20
13/02/1996,133.00,40.81,105.63,220.20,4.00,115.20,76.80,53.60,232.80
14/02/1996,139.00,37.48,70.86,232.80,0.00,15.20,0.00,0.80,178.90
15/02/1996,83.30,23.77,40.95,178.90,0.00,0.00,0.00,0.80,114.50
16/02/1996,51.80,14.67,32.20,114.50,0.00,0.00,0.00,0.00,127.40
17/02/1996,77.60,14.09,61.80,127.40,0.00,0.80,0.00,20.80,126.70
18/02/1996,59.80,12.77,44.60,126.70,0.00,0.00,0.00,33.60,139.50
19/02/1996,60.50,20.27,84.13,139.50,0.00,15.20,0.00,24.00,111.40
20/02/1996,39.80,16.06,39.72,111.40,0.00,4.80,0.00,0.00,69.55
21/02/1996,23.20,12.67,25.71,69.55,0.00,4.00,0.00,2.40,54.79
22/02/1996,20.30,10.10,20.68,54.79,0.00,10.40,0.00,2.40,52.58
23/02/1996,25.60,9.70,21.29,52.58,0.00,12.00,0.00,6.40,66.00
24/02/1996,34.00,10.33,22.41,66.00,0.00,0.80,0.00,21.60,91.42
25/02/1996,46.20,11.72,55.43,91.42,0.00,2.40,0.00,12.80,104.70
26/02/1996,49.30,11.82,40.51,104.70,0.00,9.60,0.00,14.40,74.81
27/02/1996,30.20,10.04,27.29,74.81,0.00,0.00,0.80,4.00,58.99
28/02/1996,22.30,10.23,21.65,58.99,0.00,0.00,0.00,0.00,50.42
29/02/1996,19.30,9.11,19.01,50.42,0.00,0.00,0.80,0.00,44.56
01/03/1996,17.40,8.48,16.56,44.56,0.00,0.00,0.00,0.00,42.51
02/03/1996,17.50,7.77,17.18,42.51,0.00,0.00,0.00,0.00,42.84
03/03/1996,19.60,5.41,19.07,42.84,0.00,3.20,0.00,4.80,49.60
04/03/1996,25.90,5.23,19.67,49.60,0.00,5.60,0.00,0.00,52.67
05/03/1996,25.60,5.11,19.83,52.67,0.00,0.00,1.60,0.00,45.33
06/03/1996,19.70,4.78,15.52,45.33,0.00,0.00,4.00,0.00,36.83
07/03/1996,16.30,4.45,12.84,36.83,0.00,0.00,0.80,0.80,33.24
08/03/1996,15.20,3.66,11.67,33.24,0.00,0.80,0.80,1.60,31.39
09/03/1996,14.60,3.42,11.30,31.39,0.00,4.80,0.00,0.00,28.85
10/03/1996,13.40,3.85,10.58,28.85,0.00,7.20,8.00,7.20,26.76
11/03/1996,12.30,3.61,10.33,26.76,0.00,0.00,0.00,0.00,25.89
12/03/1996,12.20,3.56,10.10,25.89,0.00,8.00,23.20,28.80,29.22
13/03/1996,13.10,4.44,11.43,29.22,0.00,8.80,0.00,0.00,30.08
14/03/1996,12.60,4.22,10.90,30.08,0.00,0.00,0.00,0.00,27.33
15/03/1996,12.00,4.02,9.86,27.33,0.00,0.00,0.00,0.80,26.48
16/03/1996,12.20,4.29,9.60,26.48,0.00,0.00,0.80,0.00,29.56
17/03/1996,13.80,6.46,11.13,29.56,0.00,16.00,16.00,11.20,38.89
18/03/1996,17.70,8.40,12.86,38.89,0.00,0.00,22.40,7.20,39.75
19/03/1996,17.20,7.20,14.18,39.75,0.00,0.00,0.00,0.00,39.42
20/03/1996,16.70,6.47,16.59,39.42,0.00,0.80,0.00,0.00,40.85
21/03/1996,17.40,5.96,17.51,40.85,0.00,0.00,0.00,0.00,38.01
22/03/1996,16.00,5.45,15.63,38.01,0.00,1.60,2.40,0.80,43.07
23/03/1996,21.30,6.23,19.67,43.07,0.00,11.20,2.40,0.80,46.38
24/03/1996,20.30,6.58,18.91,46.38,0.00,0.80,3.20,0.00,49.81
25/03/1996,22.40,6.13,22.59,49.81,0.00,0.00,3.20,0.00,46.05
26/03/1996,19.90,5.37,18.74,46.05,0.00,0.00,0.00,0.80,38.93
27/03/1996,16.90,5.03,15.79,38.93,0.00,1.60,0.00,0.80,34.02
28/03/1996,15.20,4.64,13.66,34.02,0.00,0.00,0.00,0.00,30.28
29/03/1996,13.80,4.33,12.04,30.28,0.00,0.00,0.00,0.00,27.85
30/03/1996,13.00,3.93,11.04,27.85,0.00,0.00,0.00,0.00,25.08
31/03/1996,11.80,3.64,10.05,25.08,0.00,0.00,0.00,0.00,23.31
01/04/1996,11.00,4.16,9.36,23.31,0.00,1.60,0.00,0.00,23.26
02/04/1996,10.40,4.19,8.70,23.26,0.00,0.00,0.00,8.80,20.73
03/04/1996,9.72,3.31,8.13,20.73,0.00,0.00,0.00,0.80,19.42
04/04/1996,9.20,3.12,7.73,19.42,0.00,4.00,4.00,0.00,18.40
05/04/1996,8.90,3.01,7.34,18.40,0.00,0.00,0.00,0.00,17.77
06/04/1996,8.75,2.77,7.17,17.77,0.00,0.00,0.00,0.00,17.29
07/04/1996,8.58,2.71,7.08,17.29,0.00,0.00,0.00,0.00,16.94
08/04/1996,8.48,2.67,6.95,16.94,0.00,0.00,0.00,0.00,16.52
09/04/1996,8.25,2.62,6.93,16.52,0.00,0.00,1.60,8.00,16.33
10/04/1996,8.50,2.59,7.03,16.33,0.00,0.00,0.00,0.00,17.87
11/04/1996,9.14,2.68,7.67,17.87,9.60,5.60,9.60,4.00,17.41
12/04/1996,8.41,2.64,7.40,17.41,2.40,0.00,0.00,0.00,16.91
13/04/1996,8.15,2.73,7.34,16.91,3.20,0.00,2.40,0.80,16.41
14/04/1996,7.89,2.62,7.04,16.41,0.00,0.00,3.20,2.40,15.39
15/04/1996,7.38,2.50,6.71,15.39,3.20,0.00,6.40,1.60,14.82
16/04/1996,7.23,2.51,6.62,14.82,0.00,0.00,1.60,0.80,14.87
17/04/1996,7.36,2.50,6.62,14.87,0.80,1.60,30.40,15.20,14.88
18/04/1996,7.44,2.56,6.87,14.88,2.40,0.80,12.00,4.00,16.84
19/04/1996,7.61,2.50,13.92,16.84,0.80,4.80,47.20,32.00,34.25
20/04/1996,12.40,3.37,20.91,34.25,0.00,0.80,0.80,0.00,24.36
21/04/1996,8.99,2.80,11.72,24.36,0.80,2.40,3.20,0.00,18.61
22/04/1996,7.74,2.71,9.42,18.61,0.00,0.00,0.80,0.80,17.85
23/04/1996,7.26,2.87,8.31,17.85,0.80,0.00,0.00,0.00,29.55
24/04/1996,13.40,5.60,25.00,29.55,0.00,42.40,72.80,48.00,50.88
25/04/1996,18.90,4.12,30.63,50.88,0.00,0.00,80.00,10.40,48.77
26/04/1996,16.70,3.65,26.72,48.77,0.00,23.20,13.60,1.60,35.72
27/04/1996,13.40,3.14,16.20,35.72,0.00,0.80,16.00,0.00,26.47
28/04/1996,10.70,2.80,13.66,26.47,0.00,0.00,12.00,0.00,23.78
29/04/1996,9.81,2.63,11.89,23.78,0.00,5.60,19.20,0.00,19.78
30/04/1996,8.59,2.75,9.71,19.78,0.00,0.80,29.60,0.00,20.01
01/05/1996,8.58,4.00,11.34,20.01,0.00,36.80,27.20,0.00,36.92
02/05/1996,14.20,9.68,35.41,36.92,0.00,15.20,38.40,16.00,118.00
03/05/1996,47.60,33.62,55.28,118.00,0.00,20.80,0.80,4.00,79.52
04/05/1996,26.10,16.15,24.12,79.52,0.00,0.00,8.00,0.00,42.63
05/05/1996,14.80,8.36,15.96,42.63,0.00,0.00,0.00,0.00,30.78
06/05/1996,11.70,6.17,12.67,30.78,0.00,0.00,0.00,0.00,25.43
07/05/1996,10.10,5.05,10.64,25.43,0.00,11.20,3.20,0.00,22.11
08/05/1996,9.06,4.34,9.42,22.11,0.00,0.00,0.00,0.00,19.42
09/05/1996,8.34,3.85,8.37,19.42,0.00,4.00,0.00,0.00,17.46
10/05/1996,7.82,3.55,7.66,17.46,0.80,0.00,0.00,0.80,16.54
11/05/1996,7.43,3.40,7.29,16.54,14.40,21.60,3.20,2.40,16.78
12/05/1996,7.91,3.51,7.83,16.78,11.20,10.40,1.60,4.80,18.09
13/05/1996,8.84,3.43,8.57,18.09,8.80,8.00,0.80,0.80,19.11
14/05/1996,9.84,3.28,8.30,19.11,0.00,0.00,0.00,0.80,17.79
15/05/1996,8.51,2.97,7.25,17.79,0.00,0.00,0.00,0.00,15.21
16/05/1996,7.48,2.83,6.65,15.21,0.00,0.00,0.00,0.00,14.01
17/05/1996,6.96,2.64,6.31,14.01,0.00,0.80,0.00,0.00,13.28
18/05/1996,6.72,2.62,6.12,13.28,2.40,2.40,0.80,0.00,13.03
19/05/1996,6.65,2.56,5.98,13.03,0.00,0.00,0.00,0.00,13.34
20/05/1996,6.82,2.78,5.98,13.34,8.80,24.00,22.40,4.80,13.40
21/05/1996,6.79,2.61,6.81,13.40,15.20,0.00,42.40,5.60,17.43
22/05/1996,8.38,2.54,10.01,17.43,0.00,0.00,0.80,0.00,16.83
23/05/1996,7.60,2.85,8.96,16.83,11.20,8.80,52.00,7.20,27.83
24/05/1996,11.20,4.41,18.44,27.83,3.20,2.40,7.20,1.60,28.70
25/05/1996,10.50,4.58,13.57,28.70,1.60,4.00,4.80,3.20,22.70
26/05/1996,8.59,3.70,10.62,22.70,0.00,0.00,11.20,0.00,17.83
27/05/1996,7.29,3.20,8.62,17.83,18.40,8.00,64.80,24.80,22.79
28/05/1996,10.80,3.93,16.27,22.79,5.60,7.20,41.20,5.60,28.93
29/05/1996,11.10,3.55,12.58,28.93,6.40,0.00,197.20,13.60,29.35
30/05/1996,9.59,3.42,24.60,29.35,0.00,0.00,0.00,6.40,34.53
31/05/1996,10.70,4.22,22.15,34.53,15.20,9.60,12.80,4.80,33.95
01/06/1996,12.60,4.02,17.43,33.95,0.80,0.80,4.00,0.00,22.37
02/06/1996,8.53,3.03,10.60,22.37,0.80,0.00,0.80,0.80,17.71
03/06/1996,7.66,2.63,8.54,17.71,0.00,4.80,158.80,0.00,15.35
04/06/1996,6.84,2.47,7.38,15.35,3.20,2.40,33.60,0.00,13.49
05/06/1996,6.21,2.34,6.75,13.49,0.00,4.00,4.00,0.00,12.65
06/06/1996,6.16,2.24,6.38,12.65,0.00,0.00,0.00,0.00,10.77
07/06/1996,5.70,2.16,5.67,10.77,3.20,0.00,0.80,0.00,11.59
08/06/1996,6.04,2.47,5.91,11.59,4.00,21.60,8.80,0.00,16.58
09/06/1996,6.90,5.39,5.88,16.58,0.80,15.20,0.80,0.00,12.38
10/06/1996,5.42,2.79,4.95,12.38,0.80,0.00,0.00,0.00,10.47
11/06/1996,5.10,2.38,4.64,10.47,1.60,3.20,7.20,0.00,10.41
12/06/1996,5.02,2.84,4.64,10.41,4.00,12.80,44.00,8.00,11.46
13/06/1996,4.91,2.92,6.53,11.46,0.00,0.00,0.00,0.00,12.42
14/06/1996,4.76,2.31,6.61,12.42,0.00,0.00,0.00,11.20,10.31
15/06/1996,4.49,2.11,5.20,10.31,0.00,0.00,0.00,0.00,8.88
16/06/1996,4.30,1.99,4.52,8.88,0.00,0.00,0.00,0.00,8.47
17/06/1996,4.12,1.94,4.08,8.47,0.00,0.00,0.00,0.00,7.69
18/06/1996,4.03,1.92,3.89,7.69,0.00,0.00,0.00,0.00,8.20
19/06/1996,3.91,1.82,3.84,8.20,0.00,0.00,0.00,0.00,8.27
20/06/1996,3.89,1.81,3.75,8.27,0.00,0.00,4.00,0.00,7.80
21/06/1996,3.89,1.80,3.63,7.80,0.00,0.00,0.00,0.00,7.31
22/06/1996,3.86,1.79,3.57,7.31,0.00,0.00,0.00,0.00,7.86
23/06/1996,3.79,1.78,3.52,7.86,0.00,0.00,0.00,0.00,8.03
24/06/1996,3.72,1.74,3.44,8.03,0.00,0.00,0.00,0.00,7.59
25/06/1996,3.56,1.74,3.40,7.59,0.00,0.00,0.00,0.00,7.20
26/06/1996,3.40,1.70,3.32,7.20,0.00,0.00,0.00,0.00,7.30
27/06/1996,3.53,1.78,3.36,7.30,11.20,0.00,14.40,0.80,7.64
28/06/1996,3.57,1.84,3.39,7.64,0.00,0.00,0.00,0.00,8.89
29/06/1996,4.02,2.64,3.82,8.89,7.20,32.80,38.40,0.00,9.10
30/06/1996,3.95,2.15,3.57,9.10,0.80,0.00,13.60,0.00,8.01
01/07/1996,3.59,1.79,3.54,8.01,8.00,0.80,42.40,0.80,8.11
02/07/1996,4.24,1.81,3.62,8.11,14.40,23.20,43.20,0.80,8.74
03/07/1996,4.27,1.96,3.61,8.74,4.00,2.40,0.00,0.00,9.74
04/07/1996,4.38,2.54,8.73,9.74,32.00,33.60,92.00,0.00,25.60
05/07/1996,7.81,3.65,23.38,25.60,17.60,8.40,33.60,0.00,34.37
06/07/1996,12.30,3.05,16.63,34.37,0.00,0.00,0.00,0.00,19.06
07/07/1996,6.68,2.12,8.10,19.06,0.00,0.00,0.80,0.00,12.78
08/07/1996,5.18,1.93,6.11,12.78,16.00,10.40,9.60,0.00,11.23
09/07/1996,5.20,2.00,5.03,11.23,0.00,0.00,0.00,0.00,9.98
10/07/1996,4.57,1.84,4.43,9.98,0.00,1.60,4.00,26.00,8.65
11/07/1996,4.06,1.76,3.89,8.65,0.00,0.00,0.00,0.00,7.91
12/07/1996,3.77,1.71,3.90,7.91,0.80,8.00,23.20,0.00,7.66
13/07/1996,3.65,1.74,3.69,7.66,0.80,4.80,16.80,0.00,7.17
14/07/1996,3.51,1.65,3.56,7.17,0.00,0.00,50.40,0.00,6.91
15/07/1996,3.38,1.61,3.59,6.91,0.00,0.00,0.00,0.00,7.05
16/07/1996,3.18,1.55,3.58,7.05,0.00,0.00,0.00,0.00,6.94
17/07/1996,3.04,1.51,3.43,6.94,0.00,0.00,0.00,0.00,6.48
18/07/1996,3.00,1.49,3.23,6.48,0.00,0.00,0.00,0.00,6.01
19/07/1996,2.91,1.48,3.12,6.01,0.00,0.00,0.00,0.00,5.98
20/07/1996,2.84,1.46,3.00,5.98,0.00,0.00,0.00,0.00,5.67
21/07/1996,2.68,1.48,2.85,5.67,0.00,0.00,0.00,0.00,5.36
22/07/1996,2.58,1.43,2.72,5.36,0.00,0.00,0.00,0.00,5.32
23/07/1996,2.50,1.43,2.71,5.32,0.00,0.00,0.00,0.00,5.33
24/07/1996,2.59,1.42,3.13,5.33,3.20,33.60,0.00,0.00,6.62
25/07/1996,3.95,1.58,3.16,6.62,6.40,1.60,6.40,0.00,6.83
26/07/1996,3.28,1.47,2.84,6.83,0.00,0.00,0.00,0.00,5.90
27/07/1996,3.00,1.41,2.66,5.90,0.00,0.00,5.60,0.00,5.73
28/07/1996,2.82,1.41,2.56,5.73,0.00,0.00,0.00,0.00,5.71
29/07/1996,2.84,1.44,2.68,5.71,4.00,7.20,16.80,0.00,6.65
30/07/1996,3.04,2.27,2.99,6.65,10.40,18.40,62.80,0.00,11.01
31/07/1996,3.13,3.00,7.37,11.01,0.80,0.00,12.00,0.00,9.93
01/08/1996,3.47,1.95,5.13,9.93,0.00,0.00,0.80,0.00,9.12
02/08/1996,3.18,1.66,5.00,9.12,0.00,0.00,0.00,0.00,7.62
03/08/1996,3.05,1.52,3.83,7.62,0.00,0.00,0.00,0.00,6.87
04/08/1996,2.80,1.46,3.56,6.87,0.00,0.00,0.00,0.00,6.42
05/08/1996,2.70,1.45,3.32,6.42,0.00,0.00,0.00,0.00,5.96
06/08/1996,2.65,1.45,3.18,5.96,0.00,0.00,0.00,0.00,6.74
07/08/1996,3.01,1.64,3.36,6.74,4.80,28.00,24.00,4.00,7.95
08/08/1996,3.29,2.29,3.51,7.95,1.60,10.00,26.40,0.00,7.69
09/08/1996,3.21,1.80,3.23,7.69,0.80,0.00,18.40,0.00,7.37
10/08/1996,3.21,1.63,3.29,7.37,0.00,5.20,0.00,0.00,7.71
11/08/1996,3.46,1.85,3.59,7.71,32.80,14.80,59.60,0.00,13.39
12/08/1996,5.07,2.17,9.28,13.39,3.20,14.40,0.80,0.00,12.90
13/08/1996,4.90,1.73,5.71,12.90,0.80,0.00,2.40,0.00,9.59
14/08/1996,3.90,1.56,4.18,9.59,0.00,0.00,0.00,0.00,7.95
15/08/1996,3.39,1.50,3.64,7.95,0.00,0.00,0.00,0.00,7.11
16/08/1996,3.10,1.47,3.43,7.11,0.00,0.00,0.00,0.00,6.45
17/08/1996,2.92,1.46,3.12,6.45,0.00,0.00,0.00,0.00,6.11
18/08/1996,2.78,1.42,2.95,6.11,0.00,0.00,0.00,0.00,5.53
19/08/1996,2.68,1.40,2.79,5.53,0.00,0.00,0.00,0.00,5.65
20/08/1996,2.60,1.39,2.66,5.65,0.00,0.00,0.00,0.00,5.22
21/08/1996,2.53,1.46,2.60,5.22,2.40,3.20,16.00,0.00,5.27
22/08/1996,2.56,1.72,2.55,5.27,0.80,2.40,10.40,0.00,5.65
23/08/1996,3.13,1.56,2.79,5.65,21.60,31.20,54.40,0.00,8.52
24/08/1996,3.37,3.54,3.19,8.52,13.60,19.20,24.40,0.00,10.66
25/08/1996,4.06,3.49,4.40,10.66,2.40,34.40,80.80,0.00,14.88
26/08/1996,4.42,2.72,10.48,14.88,4.00,5.60,16.00,0.00,15.74
27/08/1996,4.53,2.24,11.79,15.74,3.20,30.40,72.80,0.00,41.07
28/08/1996,13.90,10.68,29.99,41.07,16.80,17.60,18.80,0.00,40.86
29/08/1996,14.70,4.39,18.81,40.86,28.00,8.80,16.80,0.00,33.38
30/08/1996,13.00,3.64,15.60,33.38,0.00,0.00,0.00,0.00,20.90
31/08/1996,7.90,2.41,8.46,20.90,0.00,0.00,0.00,0.00,14.13
01/09/1996,5.84,2.05,6.17,14.13,0.00,0.00,0.00,0.00,11.17
02/09/1996,4.89,1.87,5.06,11.17,2.40,8.80,4.80,0.00,10.04
03/09/1996,4.67,1.90,4.52,10.04,9.60,12.80,5.60,0.00,10.00
04/09/1996,4.63,1.98,4.10,10.00,0.00,0.00,0.80,0.80,9.02
05/09/1996,4.37,2.01,3.96,9.02,2.40,7.20,14.00,0.00,8.54
06/09/1996,4.08,1.89,3.93,8.54,0.00,0.00,0.00,0.00,8.07
07/09/1996,3.71,1.75,3.65,8.07,0.00,0.00,0.00,0.00,7.75
08/09/1996,3.51,1.71,3.58,7.75,0.00,0.00,0.00,0.00,7.49
09/09/1996,3.36,1.68,3.40,7.49,0.00,0.00,0.00,0.00,7.28
10/09/1996,3.24,1.66,3.23,7.28,0.00,0.00,0.00,0.00,7.11
11/09/1996,3.16,1.65,3.16,7.11,0.00,0.00,0.00,0.00,7.07
12/09/1996,3.10,1.63,3.24,7.07,0.80,2.40,4.80,1.60,6.88
13/09/1996,3.01,1.61,3.01,6.88,0.00,0.00,0.00,0.00,6.45
14/09/1996,2.87,1.55,2.88,6.45,0.00,0.00,0.00,0.00,6.34
15/09/1996,2.80,1.54,2.86,6.34,0.00,0.00,0.00,0.00,6.25
16/09/1996,2.75,1.54,2.81,6.25,0.00,0.00,0.00,0.00,6.13
17/09/1996,2.69,1.52,2.74,6.13,0.00,0.00,0.00,0.00,6.02
18/09/1996,2.62,1.50,2.70,6.02,0.00,0.00,0.00,0.00,6.13
19/09/1996,2.61,1.49,2.64,6.13,3.20,5.60,0.00,0.00,5.94
20/09/1996,2.60,1.49,2.66,5.94,0.80,2.40,0.80,8.00,5.90
21/09/1996,2.66,1.55,2.67,5.90,3.20,3.20,13.60,7.20,5.96
22/09/1996,2.67,1.57,2.63,5.96,0.80,0.00,0.00,0.00,5.92
23/09/1996,2.63,1.53,2.69,5.92,0.00,0.00,0.00,0.00,5.83
24/09/1996,2.60,1.54,2.70,5.83,0.00,0.00,0.00,0.00,5.83
25/09/1996,2.57,1.51,2.69,5.83,0.80,3.20,8.80,4.00,5.95
26/09/1996,2.65,1.54,2.63,5.95,0.80,3.20,5.60,6.40,5.98
27/09/1996,2.74,1.53,2.68,5.98,8.80,8.00,41.60,32.80,5.96
28/09/1996,2.78,1.65,2.67,5.96,1.60,0.00,14.40,1.60,6.78
29/09/1996,2.93,1.58,4.15,6.78,20.00,8.00,50.40,54.40,51.87
30/09/1996,20.50,2.68,65.23,51.87,30.40,9.60,96.00,74.40,71.44
01/10/1996,21.10,2.83,35.48,71.44,0.00,1.60,4.80,0.80,32.00
02/10/1996,9.08,2.02,14.85,32.00,4.00,0.80,7.20,0.80,18.31
03/10/1996,6.19,1.77,9.21,18.31,0.00,0.00,1.60,0.80,13.85
04/10/1996,4.82,1.69,12.56,13.85,19.20,5.60,32.00,52.00,37.80
05/10/1996,13.10,2.08,31.05,37.80,10.40,4.80,25.60,16.80,36.52
06/10/1996,11.80,2.98,19.64,36.52,0.80,0.00,0.00,0.00,22.54
07/10/1996,7.35,2.10,10.94,22.54,3.20,8.00,2.40,1.60,16.22
08/10/1996,5.74,1.96,8.37,16.22,0.00,0.00,3.20,1.60,13.60
09/10/1996,5.08,1.93,7.22,13.60,1.60,9.60,9.60,2.40,12.07
10/10/1996,4.73,1.94,6.51,12.07,0.00,0.00,6.40,0.00,11.03
11/10/1996,4.31,1.80,5.72,11.03,0.00,0.00,0.00,0.00,9.61
12/10/1996,3.92,1.71,5.06,9.61,0.00,0.00,0.00,0.00,8.74
13/10/1996,3.70,1.67,4.62,8.74,0.00,4.00,0.80,5.60,8.16
14/10/1996,3.50,1.66,4.36,8.16,0.00,0.00,0.00,0.00,7.69
15/10/1996,3.43,1.64,4.26,7.69,2.40,0.80,6.40,6.40,7.72
16/10/1996,3.49,1.81,4.41,7.72,10.40,18.80,20.00,18.40,11.21
17/10/1996,4.88,1.97,8.53,11.21,4.80,0.80,8.80,17.60,17.71
18/10/1996,8.33,1.84,11.86,17.71,0.00,0.00,0.80,0.00,16.85
19/10/1996,6.37,2.70,9.90,16.85,15.20,10.40,44.00,28.00,23.62
20/10/1996,9.13,2.82,17.65,23.62,1.60,6.40,3.20,4.00,22.18
21/10/1996,7.82,2.82,15.33,22.18,10.40,12.80,54.40,32.80,37.14
22/10/1996,9.79,4.99,28.49,37.14,0.00,0.00,0.00,0.00,25.09
23/10/1996,7.76,2.73,12.98,25.09,0.00,0.00,2.40,0.80,16.65
24/10/1996,5.80,2.26,9.32,16.65,0.00,0.00,0.00,0.00,12.93
25/10/1996,5.14,2.09,7.56,12.93,10.40,33.20,16.00,8.00,12.55
26/10/1996,5.28,2.87,8.12,12.55,5.60,3.20,8.00,11.20,34.69
27/10/1996,18.30,4.10,40.41,34.69,25.60,9.60,41.60,37.60,80.15
28/10/1996,40.10,4.70,56.90,80.15,20.80,12.80,44.80,36.00,77.41
29/10/1996,32.80,4.52,41.52,77.41,16.80,8.00,49.60,28.80,67.79
30/10/1996,29.20,4.72,34.34,67.79,0.00,6.40,0.80,3.20,38.05
31/10/1996,12.70,3.52,16.82,38.05,0.00,0.00,1.60,0.00,24.68
01/11/1996,9.03,3.37,18.12,24.68,5.60,0.80,37.60,31.20,39.27
02/11/1996,14.20,4.07,25.08,39.27,8.80,0.00,3.20,4.00,37.38
03/11/1996,19.30,3.47,26.47,37.38,6.40,0.00,8.00,8.00,42.33
04/11/1996,17.80,3.24,23.30,42.33,8.00,0.80,24.00,13.60,49.20
05/11/1996,23.50,4.90,36.97,49.20,33.60,16.00,89.20,62.40,91.77
06/11/1996,35.80,13.91,61.84,91.77,35.20,19.20,84.00,88.80,154.40
07/11/1996,69.50,23.76,111.08,154.40,23.20,23.20,32.80,17.60,117.60
08/11/1996,45.70,18.25,43.98,117.60,0.00,0.00,0.80,0.00,59.85
09/11/1996,17.50,9.11,25.22,59.85,13.60,4.00,30.40,9.60,46.17
10/11/1996,15.80,8.61,25.37,46.17,7.20,2.40,30.40,1.60,39.79
11/11/1996,13.30,7.02,18.68,39.79,0.00,0.00,1.60,0.00,31.34
12/11/1996,11.00,6.06,14.67,31.34,56.80,26.40,32.00,9.60,78.98
13/11/1996,59.90,10.40,53.07,78.98,22.40,23.20,29.60,9.60,81.29
14/11/1996,31.00,13.90,25.34,81.29,0.00,0.00,0.00,0.00,45.83
15/11/1996,14.90,12.50,17.11,45.83,0.80,4.00,7.20,2.40,36.09
16/11/1996,12.30,10.22,14.12,36.09,0.00,0.00,0.00,0.80,27.91
17/11/1996,10.50,6.65,12.06,27.91,1.60,6.40,9.60,6.40,26.47
18/11/1996,10.20,6.48,14.73,26.47,15.20,13.60,16.00,12.00,31.63
19/11/1996,12.90,4.46,16.04,31.63,0.00,0.00,0.00,0.00,24.98
20/11/1996,10.00,3.75,11.60,24.98,8.00,32.00,26.40,0.00,29.56
21/11/1996,12.90,10.16,14.25,29.56,32.80,36.00,20.80,0.00,32.17
22/11/1996,12.00,6.55,13.05,32.17,5.60,6.40,0.80,3.20,26.12
23/11/1996,10.70,6.44,13.01,26.12,23.60,14.00,32.80,12.80,30.39
24/11/1996,10.90,6.64,14.24,30.39,0.80,0.00,9.60,0.80,26.00
25/11/1996,9.68,5.19,11.87,26.00,9.60,26.40,44.00,20.00,37.26
26/11/1996,12.00,13.43,37.13,37.26,23.20,8.00,16.40,8.00,100.20
27/11/1996,41.40,26.01,46.59,100.20,0.00,14.40,17.60,0.00,67.15
28/11/1996,20.70,14.87,23.63,67.15,0.00,0.00,172.80,0.00,38.86
29/11/1996,14.20,6.06,16.73,38.86,0.80,5.60,137.20,21.60,48.78
30/11/1996,14.00,15.10,38.26,48.78,8.00,2.40,69.60,20.80,73.56
01/12/1996,27.70,14.63,46.76,73.56,1.60,0.00,19.20,5.60,82.03
02/12/1996,44.60,11.87,46.03,82.03,28.80,15.20,32.40,11.20,105.50
03/12/1996,59.00,12.96,45.47,105.50,5.60,0.80,152.80,34.40,88.79
04/12/1996,27.90,23.29,60.59,88.79,38.40,54.40,144.40,52.00,134.80
05/12/1996,56.00,25.60,66.23,134.80,26.40,0.80,75.20,16.00,99.48
06/12/1996,35.00,18.11,40.50,99.48,2.40,0.00,0.80,0.00,63.44
07/12/1996,19.60,13.47,25.39,63.44,0.80,0.00,78.00,0.00,44.59
08/12/1996,14.90,9.03,18.86,44.59,0.80,0.00,1.60,0.00,37.22
09/12/1996,14.40,8.24,16.73,37.22,0.00,0.00,3.20,0.00,48.03
10/12/1996,24.20,7.27,20.36,48.03,0.00,0.00,18.40,0.00,39.46
11/12/1996,17.10,5.19,15.66,39.46,0.00,0.00,0.00,0.00,31.23
12/12/1996,13.40,4.87,13.09,31.23,0.00,0.00,30.40,0.00,27.67
13/12/1996,12.10,4.67,11.69,27.67,4.80,5.60,0.00,0.00,25.20
14/12/1996,11.20,4.46,10.59,25.20,0.00,8.80,0.00,0.00,22.72
15/12/1996,9.94,4.24,9.46,22.72,0.00,0.00,9.60,4.00,21.94
16/12/1996,10.90,4.20,10.27,21.94,7.20,0.80,21.60,8.00,27.14
17/12/1996,12.70,4.07,12.38,27.14,6.40,2.40,17.60,3.20,28.11
18/12/1996,12.30,4.00,12.46,28.11,1.60,0.00,14.40,3.20,26.62
19/12/1996,11.30,5.39,13.23,26.62,24.00,42.40,40.00,20.00,143.40
20/12/1996,76.10,51.52,99.63,143.40,64.80,74.40,55.20,63.20,220.00
21/12/1996,90.50,67.32,68.35,220.00,12.00,0.80,23.20,12.80,139.90
22/12/1996,40.10,35.46,36.27,139.90,0.00,0.00,0.00,0.00,80.70
23/12/1996,21.70,20.26,24.55,80.70,0.00,0.00,0.00,0.00,58.84
24/12/1996,17.20,15.53,19.24,58.84,6.40,0.00,0.00,1.60,46.48
25/12/1996,14.90,11.16,16.36,46.48,0.00,0.00,0.00,0.00,39.75
26/12/1996,13.00,8.68,14.21,39.75,0.00,3.20,0.80,1.60,33.06
27/12/1996,11.70,6.08,12.67,33.06,0.00,0.80,0.00,0.00,29.52
28/12/1996,10.90,5.72,11.56,29.52,1.60,14.40,8.80,3.20,28.67
29/12/1996,11.10,5.49,11.41,28.67,11.20,11.20,4.80,4.80,29.31
30/12/1996,12.10,5.33,11.78,29.31,3.20,4.80,0.00,0.80,34.28
31/12/1996,15.80,6.18,14.26,34.28,12.80,6.40,5.60,4.00,39.42